text,label
心动宝马漫画壁纸爱这路遥马急的人间保持热爱奔赴山海宝马宝马3系宝马4系超级跑车圈跑车壁纸油画壁纸跑车宝马壁纸高清壁纸高级感壁纸每日壁纸小众风格ins壁纸风格壁纸男生壁纸,5
治愈系田园风插画光才是一切氛围感的源头插画分享插画师推荐治愈系漫画治愈漫画,5
哆啦壁纸分享年底暴富发发发主屏锁屏高清壁纸喜欢的可以取图看到会一一回复自拍R,5
花菜千万不要焯水和过油这样才最好吃简单易学色香味美炒花菜干锅花菜美食家常菜下饭菜美食日常超级下饭的家常菜小红书爆款美食推荐,1
在家族聚会对着说吃亏是福的亲戚念了咒出去读书前家族的饭局一个亲戚小麦果汁喝撑了突然说小x啊出去要多吃点苦晓得伐吃亏是福你懂吧换以前就什么也不说笑笑就过了但当时本来就有点焦虑然后我直接从椅子上跳起来茶杯都掀了指着那个亲戚天灵灵地灵灵苍天在上各位替我作证今日过后我XX所经磨难全部转赠与你你将替我吃遍世间之苦这福气给你了宝宝辅食发疯文学搞笑的日常沟通技巧拒绝焦虑,1
好想死啊为什么广州这么多人啊啊啊啊是车陂南才这么多人吗今天真的好难上车啊啊啊广州还有哪个地铁站早高峰少人点的吗石化R石化R石化R石化R石化R石化R,3
藏不住这就是你需要的碳板跑鞋专为跑步设计的鞋款超炫的荧光绿配色不如跑步鞋控的日常跑鞋推荐健身日常跑鞋跑步日常跑步治愈,4
一建再也不见不玩了不玩了一建玩不起了好好搞钱一级建造师奋战一建上岸吧一建广东考生,1
大家有没有那种平静又疯感的表情包经常用的能不能分享一下呢万分感谢表情包分享表情包,5
全网找雅思搭子怎么自律怎么来时间啥的都可以商量着反正就是一起监督一起进步也可以互相讲讲口语改正自己的不足本人目标适合差一点基础的宝宝雅思学习搭子,1
超好用୨高级小家电日常碎片PLOG好物分享好物推荐居家好物提升幸福感好物,4
媳妇工作室老鼠成群一晚上就抓3只这成套媳妇工作室老鼠成群一晚上就抓3只这成套的捕鼠器可不是摆设,4
谁帮他按一下暂停不然又要因为丢脸而无能狂怒小蓝小蓝人偶小蓝和他朋友,5
醉后不知天在水满船清梦压星河治愈系风景浪漫生活的记录者唯美意境星辰大海动态壁纸,5
刚睡醒的潦草小猫睡的小犄角都凌乱了笑哭R笑哭R送我家宠物上墙我家宠物室友的日常我家宠物好可爱潦草小狗长毛蓝金渐层,1
国内薪资为什么要以k为单位我觉得吧可能是为了显得多dogedogedoge不然kkk听起来多寒碜啊要不是用不习惯我都想用百来当单位捂脸R你们喜欢用k来当单位还是用w做单位啊害羞R赚钱职场日常薪资职场工资宝宝辅食,1
登上顶峰成功一个简单的词语做到的却很少微景观苔藓微景观旧物改造小红书视频号,5
这样做的水煮肉片香辣可口非常好吃真的太好吃了赶紧给您的家人做起来吧,1
导师你的论文怎么是全红的除此之外免费的查重网站还有一R维普国内大型中文期刊文献服务平台应届生可免费查重一次是一个综合性学术资源平台二R超星尔雅超星尔雅app又名学习通应届生可以免费查重一次是一款被广泛应用的学术查重工具之一三R写个论文海量专业论文数据模型100专业人工智能论文团队专科本科研究生MBA博士论文一键生成各高校专业全面覆盖每天提供一次免费查重机会四RPaperyy由超过9000万的学术期刊和学位论文以及一个超过10亿数量的互联网网页数据库组成每天提供一次免费查重机会准确度较高用户评价也不错五R学信网学信网依托中心建立的集高校招生学籍学历毕业生就业信息一体化的大型数据仓库应届生可以免费查重一次是一个专注于学术查重的网站不懂就问有问必答笔记灵感论文写作毕业论文本科毕业论文硕士毕业论文硕士论文本科论文初稿论文初稿毕业论文初稿赶论文初稿论文初稿怎么写论文选题毕业论文选题论文查重论文辅导论文降重论文答辩写论文论文指导毕业论文答辩今天写论文了吗开题报告开题报告模板文献综述文献综述怎么写,5
蛋糕制作用电饭煲就能做出香甜绵软的蛋糕只需要一包蛋糕预拌粉就行了家里有孩子的安排上电饭锅蛋糕大人小孩都爱吃跟着抖音做蛋糕自制蛋糕懒人蛋糕电饭煲做法,1
淡绿色的蝴蝶Ai绘画壁纸分享童话世界AI绘画有点东西绘画日常蝴蝶绿色系蝶恋花,5
疯狂动物城这个BGM终于轮到我啦园区很多小细节太好玩了犀牛的帽子长颈鹿的长袜给小型啮齿动物开的小门给仓鼠爬的管道不同大小的充电宝和座椅电影粉丝到园区里会乐疯了吧迪士尼迪士尼乐园上海迪士尼迪士尼攻略迪士尼拍照疯狂动物城朱迪狐尼克,1
是什么让猫猫开始作法原来是家里新开了加湿器哈哈哈哈小猫云养猫猫猫猫猫兔猫猫最爱我的日常猫猫咪猫猫猫猫日常猫咪的迷惑行为加湿器土拨鼠站立可爱猫猫矮脚猫,2
妈妈拼尽全力生下你HELLO我的小公主新生儿产房生孩子接好孕顺产我的顺产日记,1
哭了女生们都去看张桂梅的纪录片吧一个无儿无女的女人一个身患重病的女人都不对是一位如同巍巍高山的女性同为女性她更知道贫困女孩过早嫁人生子洗衣做饭浑浑噩噩过一生的命运她想让大山里的女孩上一本或双一流她就是配得起这样的野心她站在那里女孩们就知道女性不必成为依附谁的藤蔓她们自己可以立于群峰之巅俯视平庸的沟壑手动整理了3部纪录片一起好好认识完整真实的张桂梅❶面对面张桂梅大山里的女校央视网出品这部以张桂梅的视角为主刀子嘴豆腐心的她即使被称为魔鬼被说是半夜鸡叫叫人起床也满不在乎地笑笑这样的她把女孩们怜爱地称为大山里的女孩因为她说贫困对于女生们来说也是一种隐私❷你好张桂梅新世相出品采访张桂梅及部分学成归来建设女高的毕业生这部给人一个印象深刻的点是片中有学生留堂请教老师学习到太晚张桂梅心急如焚因为山上蛇多晚回去太危险比起学习她更关心女孩们的安全❸张桂梅看见更大的世界这部讲了女校的办学缘起张桂梅因为穿破牛仔裤开会被记者镜头捕捉到学校获得拨款资助但更难的点在于劝学即让中断学业的女孩回到学校来这个过程之艰辛包括被放狗咬自主掏钱她吃了很多苦但她更看得点女孩们被阻断学业的苦蕞后分享张桂梅一段充满力量感的话相信无论你是已经完成学业在工作了还是正在读书读研攻博看了都会很振奋孩子们你需要有一个人生大目标去帮助你走过那些痛苦的坚持不下去的时刻但大目标就像一座高山需要长久地攀登你还需要找到一条上山的路在每天的日常里完成一个个具体的小目标一步步扎实地往上爬爬着爬着或许就走过了那一段黑暗的路拨云见日致敬张桂梅纪录片女性成长纪录片分享张桂梅纪录片野生影评人纪录片推荐女性力量,3
因为体重被劝退身高176体重160从事前台的之前体重130140浮动老板也是女生明里暗里让减肥觉得比较胖了现在160斤接近165老板直接说前台这个工作不太适合我暗戳戳说我胖气质土气质与公司形象不符但是工作一直不出差错待人接物也让人舒服所以老板说给我机会让我减肥年前瘦到入职时候130的体重她说减肥也是为我好同时也要好好练练穿搭不要浪费明媚的青春时光怎么减肥呢其实有的时候看到自己这么粗的腿都觉得恶心因为胖回家也不想动弹压力大就吃越胖越不开心从初中到现在几乎都在因为体重自卑看着体重秤上的数字很不开心一直在内耗也因为体重健康受到一定的影响所以无论如何也一定要减肥了有没有减肥成功的姐妹跟我说说是怎么减肥的呀我要好好制定计划,1
莴笋和大虾的完美结合这一道菜出场太有面子了创意美食大虾莴笋柳叶刀,1
手机壁纸马里奥81手机壁纸包含锁屏主屏幕壁纸搞的就是艺术壁纸手机壁纸全屏壁纸高清壁纸可爱壁纸卡通壁纸iphone壁纸锁屏主屏壁纸套图马里奥高级壁纸套图壁纸简约壁纸原创壁纸,5
在青岛这一锅是真的没有对手青岛街头小吃小吃青岛攻略青岛宝藏小店本地人的必吃餐厅无辣不欢,4
她怎么满头都是笑穴啊准备入冬咯姥姥给她买了新帽子没想到她会这么喜欢捂脸R捂脸R从戴到头上开始就像被点了笑穴一样咯咯笑不停照完镜子就更满意了又舒服又可爱不让摘根本不让摘黄金薯R黄金薯R黄金薯R姥姥看到孙女这么喜欢心里真是乐开了花人类幼崽的快乐真的太简单了吧喝奶茶R喝奶茶R萌娃人类幼崽隔辈亲宝宝帽子柠檬宝宝宝宝日常lemonkid,3
九寨沟高铁攻略成都镇江关九寨沟口九寨沟高铁九寨沟攻略旅行攻略川西旅游川青铁路我的私藏旅行路线旅行推荐官九寨沟,2
对联春联这么有趣的对联别划走年货对对联对联龙年对联春联过年新年春联手写春联贴春联新年春联龙年春联贴春联贴福气春聯创意春联春联定制2023春联春联设计磁吸对联原创对联新年对联春节对联结婚对联趣味对联,5
父母的一句家里没钱让孩子童年背负着亏欠大多数孩子的童年都听过父母说的这几句话你想买xx你看我像不像xx我们都已经辛苦供你读书了你为什么就不能懂点事如果当初不是为了你现在也不会过的这么拮据我们省吃俭用让你上学你不好好学习怎么对得起我们对小孩子来说没有穷和富的概念他们只会感觉当自己想要一件东西时带来的是父母的责备和懊恼从而引申到自己身上怀疑是自己让父母变得拮据愧疚感随之伴随整个童年哭穷和穷本质上是两种概念穷是一种客观现实倘若父母能够在面对孩子索要超出家庭负担的东西时诚实告知家里现有的情况无法满足这是一种让孩子正确认识家庭情况的正确引导反观哭穷却带了一丝坏情绪的宣泄是把我对你的付出和家里穷的现状二者结合之下的夸张化试图通过将孩子的索取和家庭状况不好二者划上等号正如张踩玲所说这是一种对自己人生沮丧之下的情绪发泄又有什么资格因为自己人生的不满意而去责怪面前的那个小孩爱不是伤害孩子也没有过错正确且有效的沟通才是真正的教育穷只是一时但伤害是一辈子愿长大后的你能治愈那个儿时的你成长三观家庭教育经验分享哭穷式教育父母与孩子成长童年阴影治愈自己张踩铃自我成长,1
217期共享壁纸计划Rainbow吧唧R给生活填一些色彩吧关于取图凑合的同学可以直接用笔记中的图片裁剪使用需要高清图的评论区喊我即可无压缩原图可选择壁纸订阅包或购买单张奥Ai绘画AIGC壁纸高清壁纸每日壁纸壁纸分享全屏壁纸手机壁纸全屏壁纸送你好看的手机壁纸今日壁纸iphone壁纸氛围感壁纸电脑壁纸iPad壁纸今日份壁纸风景壁纸电脑桌面壁纸ins壁纸每日壁纸分享高级壁纸王橙橙壁纸共享计划纹理壁纸质感壁纸纹理壁纸,5
迫不及待想告诉你们的洗鞋小妙招别再错误刷鞋子了6个超实用的洗鞋方法让你的鞋子干净如新1帆布鞋发黄白醋牙膏2皮面鞋褶皱处发黑酒精肥皂3雪地靴沾油渍散粉4网面鞋容易刷坏洗衣粉牙膏水5麂皮鞋刷不干净还有水印洗衣液白醋温水6鞋边蹭黑风油精肥皂还有晒白鞋的时候最好裹上纸巾你知道为什么吗暗中观察R洗鞋生活小妙招鞋子发黄怎么办清洁不懂就问干货分享学生党必备小白鞋去污渍女生必看视频薯小红书创作助手,1
还上什么床连睡一个月的沙发当现代简约美学与无主灯设计相遇我们能亲身体验到科技与艺术的完美碰撞无主灯设计采取多点光源的布局方式打破传统单一主灯的束缚以更为细腻且氛围感十足的环境光照亮生活精心规划的灯光布局打破空间界限灵动的光影化身为居家生活的点缀使居室拥有丰富而和谐的视觉效果这种非线性的照明方式让空间别具一格表达出独特的个性与魅力抄作业了灯具参数这样选护眼无主灯均来自希尔顿灯具COB灯带米和米护眼智能射灯36无极调光调色护眼智能格栅灯cm无极调光调色护眼智能泛光灯和无极调光调色这样智能灯光效果的无主灯设计你们喜欢吗有任何的无主灯问题可以留言提问无主灯无主灯设计灯光设计灯灯灯灯灯客厅无主灯护眼无主灯智能灯光磁吸轨道灯射灯希尔顿灯具希尔顿无主灯希尔顿磁吸轨道灯希尔顿灯具好不好无主灯吊顶无主灯灯光布局,4
高晓晨的钢琴水平有十五级哈哈哈哈大嫂和大哥严母慈父自从高启强跟了大嫂之后教育水平都提高了不仅学习钢琴还学习外语还会跳舞了狂飙,2
2024年张杰巡演主题不变未LIVE首站杭州3月12日张杰,2
谣言可以有多逼真谣言可以有多逼真点赞关注不迷路每日分享一些话题每日分享人生百态谣言拒绝谣言欺骗,1
原来困在大雪之中在车里是寻求不到庇护的开车遇到大雪封山封路是不能躲在车里的估计躲车里的效果就是我们把易拉罐饮料放在冰箱冷冻室里一样的效果原来正确的自救方式是在附近挖一个雪洞然后带好食物藏进雪洞里等待救援在种花家的好处就是这种极端情况武装兔应急兔和蜀黍兔找到你并带你脱困绝对用不了一个月时间那么久你只要别慌保护好自己为他们找到你多争取几天的时间就可以了吧唧R笔记灵感野外生存自救自驾游雪救援,5
圣诞三丽鸥壁纸可爱壁纸优质壁纸三丽鸥壁纸三丽鸥HelloKitty壁纸壁纸手机壁纸今日壁纸卡通壁纸壁纸分享库洛米玉桂狗Melody,5
春漫野开箱发完就去上学白鹿开箱白鹿周边宝宝辅食,4
我感觉我遇到了骗几前两天有个友友说要我的V买东西我说你看背景墙她非说那个不上非要我的电话号码我就不干了然后我举报了她一会他又把他的二维码发给我让我扫失望R还问我了没心里就觉得这可能是骗几我真怕扫了她的码我就完了姐妹们也要注意哦防诈骗袜子店舒适内衣推荐,1
有的人侧脸一般但正脸真的真的绝了女大学生正脸一般侧脸绝了侧脸塌鼻子塌鼻子侧脸扁平脸塌鼻子美女山根低变美化妆变美侧脸淡颜系再塌不能塌鼻梁甜妹,1
当我带着现在的智商回到一年级时①重发悸子念大大说我的风格和她的像所以重换风格呵呵这个风格也是不戳滴今天懒只带一个话题,2
孕33周00后辣妈都说像个假孕妇平面模特孕妇模特孕妇日常辣妈孕期穿搭小麦色孕妇,1
秀场不挑的薄内衣内衣高级感内衣舒适内衣美背比基尼走秀薄杯秀场,4
麻辣鲜香太好吃了椒麻大杂烩追剧的时候吃简直太爽了够麻够辣够入味有荤有素我爱吃的里面都有椒麻大杂烩无骨鸡爪开袋即食,4
老婆镇上教书3000一个月我在乡镇上班5000农村盖个二层小别墅父母孩子就在眼前过平淡生活农村自建房,1
终于提了辞职编辑半天不知道怎么发出去其实根本没什么终于辞了只是今天还要早起上班离职倒计时27天,1
破50赞更淇淇看完不要打我我爱爱官方官方求大热门爱爱爱爱爱爱爱爱官方大大求流量爱官方官方大大求热门,2
每天认识一位艺术家evefarb一组可可爱爱的插画作品有没有被萌到来自插画师evefarb每天分享名画每天进步一点点我是绘梓关注我每天带你认识更多艺家绘本绘本故事卡通画来自星星的艺术家插画插画师分享儿童插画分享插画插画分享每天认识一位插画师每天认识一位艺术家每日艺术分享视觉审美提升治愈系插画治愈系插画师,5
大雪天温暖小屋看书听音乐独享安静时光治愈氛围感放松疗愈助眠解压,5
Live图星星圣诞树圣诞手绳好看鼠啦星星圣诞树搭配经典款手绳圣诞树1克左右星星克左右水贝黄金圣诞节礼物圣诞树黄金少女心黄金转运珠星星女生礼物圣诞节礼物周大福圣诞树靠谱代购推荐手工编绳live图,4
妈妈给女儿买的200万随心配随心配是妈妈是女儿标题党小红薯给流量,1
眼神的转变探讨甄嬛的黑化历程宫斗剧中的大女主都有一条固定不变的模式微笑R那就是进宫之前都是小白兔一般的存在她们看起来都有一些小心翼翼可是随着剧情的发展小白兔逐渐变成了黑化的罗刹扯脸H不懂就问有问必答甄嬛甄嬛传里名场面甄嬛传十级观众甄嬛传重温好剧推荐甄嬛传嬛嬛热播电视剧甄嬛传十级学者甄嬛传重温,2
飞行力和穿梭力都超强的一款纸飞机飞机折纸超酷的一款纸飞机飞行姿态轻盈优美不容易坠落只需一张纸简单易折手工折纸折纸教程创意手工亲子手工童年的纸飞机,5
多年的夫妻更是如此我觉得绝大数夫妻能走到一起几十年绝对不是因为爱走到一起的而是因为算了忍忍吧爱情观原创情侣,1
九个技巧送给你坐位体前屈满分不再遥远体测坐位体前屈女初中生,1
周末赶集我只是想喝水你看我爸给我买的啥周末跟我一起逛集市吧我只是想喝水你看我爸给我买的啥亲子人类幼崽日常,1
玩泥讲恐怖故事希望能火谢谢你们玩泥视频爱上喝水玩泥素材喝水打卡制冰机,5
笑不活了没有对比就没有伤害2023深圳马拉松你们觉得咋样马拉松2023深圳马拉松,2
像昨天不放下手机今天上班睁不开眼的你吗视频为官方视频二改奉劝某些无耻的同行不要恶意举报至少我申明并且剪辑改动了你还用的原视频不是你发布得早视频就是你原创的自己不知道自己几斤几两了吗不要以为你拿小号举报我就不知道你是谁再乱举报我把你所有视频举报下线loopy小海狸loopy小海狸露比Loopy,5
一个月不重样做自己的专属美食下你的独家专属食谱一人食吃什么简单美食下饭菜我家的家常菜更好吃的厨艺家常快手菜开胃解腻,1
两元店自主购物小学生放学后日常今天作业完成的早去逛一逛两元店买了一个的盲袋和我一起拆拆看最近天气冷了户外活动也少有了这个纽特舒玛维生素每天补充营养增强体质班级里好多同学都生病了你们也要注意身体哦小学生日常盲袋维生素d纽特舒玛维生素d纽特舒玛维生素D和免疫力小学生自主购物小学生日常小学生家有小学生我的日常,4
弟弟学籍疑似被人顶用我弟今年中考考上了我们当地的一所高中但是因为我爸常年在国外我弟就出国留学了当时咨询过保留学籍的问题本意是想让他有个后路但是弟弟实在接受不了国内高压的学习节奏就没有保留学籍今天弟弟的高中班主任突然发消息说要他的身高和体重我觉得很奇怪就问老师我弟都不在那上学了为什么要身高体重老是的回复是学籍还没注销学校有学校的政策先把身高体重发过来我就怀疑会不会是有人没考上高中花钱进去顶了我弟的学籍因为这种情况很多年前有过近些年查的严了就不许了但是我弟的学籍刚好空出来了而且在开学初学校还要过我爸妈的身份证号所以就想问一下大家有没有这个学籍被顶的可能性如果真的被顶了该怎么办高中学籍高中学籍,5
要来啦看完再决定搞起来不乐高21344东方快车由2540颗零件组成配有8个人仔色色R国内官方售价2499火车总长哇R如果已经收藏了76405霍格沃茨特快列车的伙伴们还会考虑入这款吗黑薯问号R乐高控乐高搭建我是乐高迷乐高moc乐高野生代言人乐高积木母婴好物,4
外太空是一个神秘梦幻的新世界地铁轨道内的每一处设计都体现着科技的力量和人类的智慧下一站杰克将会带着我们踏足外太空一起领略宇宙的壮丽景观和无尽迷人之处地铁跑酷地铁跑酷全球环游,5
这样学日语真的很快标日初23课文笔记音频浪漫生活的记录者笔记灵感当代读书人笔记灵感日语学习高考日语自学日语日语口语练习小红书成长笔记薯条小助手校园薯,5
参加闺蜜婚礼有多无语周末从合肥到内蒙参加好朋友婚礼认识12年首先我晚上下飞机临上飞机前问我去哪儿住要不要给我订酒店难道不应该提供吗没参加过别人婚礼不懂勿cue我自己安排的住宿第二天和朋友b一起开车去参加晚宴去化妆间看她一脸不屑一顾甚至没有寒暄还怼了朋友b新娘怼的朋友b新郎添油加醋朋友b全程黑脸吃席石化R晚上并没有给我们安排娱乐场所也并没有预留酒店邀请我和朋友b去当伴娘且没有伴娘服我们无所谓伴手礼也没有不是图伴手礼第二天接亲前拍晨袍照片五点起来去她家到十点期间帮忙准备游戏布置没让我们喝水吃点东西她父母也完全没问我们就这样扛到去婆家婆家明知道我们是新娘朋友也没有让我们坐下喝茶吃点心新娘让我们参加婚礼午宴到中午完全没发地址给我和朋友b好好好回去吃了空气赞R赞R,1
我好爱这个视频黑猫罗尔唯一一次没有跟奇迹少女碰拳好处心啊,2
日语单词跟读街歩行店铺店舗灯笼灯籠垃圾垃圾桶箱塑料袋袋乌鸦日语轻松学日语零基础日语学习日语口语日语学习打卡日语单词,5
巨巨巨巨巨巨巨巨巨巨巨辣的江西菜爱吃重油重辣的朋友们看这里了我今天去吃了一家巨巨巨巨巨巨巨巨巨辣的江西菜可是好吃到停不下来嘴里要冒火了孙坚的日记本明星不止AB面,4
日语短文阅读黑色自行车骑上心爱的小摩托种草R昨天我买了辆自行车种草R自行车店里有黑色自行车和红色自行车种草R黑色的7千日元红色的1万日元种草R我没有多少钱所以买了黑色的种草R我想骑着这辆自行车去买东西日语学习日语轻松学学日语日语入门日语学习打卡日语口语学日语日语阅读日语日语听力自学日语自行车,5
右滑帮我变成圣诞树附教程花了8个小时做的圣诞树没有翻车实际花销100元不到就得到一个氛围感十足的圣诞树自己动手成就感十足1纸壳子大家有的情况下就用免费的没有的话可以去快递驿站问小哥没有不用的或者去收废品的地方买很便宜我最大的底座买来才5块钱2中间的柱子如果你没有这么长的柱子那就和我一样分段用热熔胶粘有一点不好就是可能没有那么直柱子长度和高度一样就行了3然后绿色的叶子我是这样裁的从下往上数的1到5层我是卡纸一分为二然后678层是一分为三最上面几层我是逐渐减少然后星星要想饱满就赛点棉花然后用热熔胶粘在一起迫不及待想过圣诞啦笔记灵感圣诞树DIY手工制作我的手工日常自制圣诞树,1
宿管阿姨居然是我妈当我妈是宿管阿姨时大学四年又是一种什么体验今天妈妈教会我3件事如何处理室友关系吃饭的坠佳顺序手机软件提高学习效率学生时代这个视频有点料热门处理宿舍关系室友关系男女关系吃饭减肥塑形运动打篮球体育生学习效率学习软件大学生学生宿舍女生宿舍宿管阿姨,2
毕业8年连个两千的助学贷款都还不起还去打那没有赢面的官司人生真悲哀,3
哆啦A梦或许还记得当年那个约定吧欢迎取图多啦a梦二次创作原创竹蜻蜓约定假日citywork每日壁纸遇见美好,5
映雪风花手机壁纸雪一直下手机壁纸每日壁纸送你好看的手机壁纸全屏壁纸高清壁纸唯美壁纸风景壁纸治愈壁纸今日份壁纸为天空拍张一寸照笔记灵感,5
和大家聊聊副业首先声明我是分享我的经历我确实赚得不少除了我原公司竞业协议的固定工资我的副业偶尔也许比很多人一年还多但是不稳定接触到这些公司的方法很多可以自己根据目标项目比如太阳能五金食品服饰任何自己觉得稍微熟悉的产品在网上找对应熟悉产品然后去海关总署上找可供出口的公司名称再去找或者在领英上发我是在国外的时候无聊海关网站找而且是完全不懂的行业想要挑战自己发了邮件咨询他们公司业务后来他们问我要不要为他们在中国推广我服务的公司他们的产品此前从来没有在中国卖出过所以只是一句空话如果我干成了给我提成干不成大家都没有损失而中国市场这块蛋糕任何国外公司都想分一块所以我当时花了1天时间在淘宝和京东找同类型产品仔细翻所有能找到的标签公司名称登记在Excel上后来每天给这些公司电话说明自己代表的公司和产品以及对方的需求和意向如果对方感兴趣需要样品则马上让国外安排寄过来任何国外工厂都会愿意毕竟是最低的成本有着可能性的最大收益当然很多人会毫不客气挂你电话这很正常前期你来我往周期会比较长过程中自己需要了解你推广的产品规格特色优势等到也就是你需要最短时间成为这个产品的专家不懂没有关系可以和国外沟通请教也可以和客户请教未来谈成的订单需要跟进生产进度标签船期质量等等问题因为你的服务质量决定了后续能否持续稳定输出所以不要想着任何一次性收入要懂得维护长期饭票而且熟悉之后很多客户会慢慢给你介绍新客户这类基本都是可以成交的客户所以真诚永远是必杀技国外给我的是美金按照客户合同订单比例提成而自己只需要向自己的银行提供你和国外的协议合同我让ChatGPT帮我做的简单合同让国外盖章银行就会帮你入账美金且不需要报税篇幅有限就说到这里了希望大家都可以独立自信逆境中可以突破重围逆风翻盘那些赚钱的副业经济独立努力搞钱我的兼职日常努力赚钱副业只想搞钱外贸分享进口外贸,1
冬天的纳木错真的很惊艳照片拍不出眼睛看到的十分之一的美纳木错拉萨旅行冬游拉萨,1
全网寻找我的BFF期待已久的本月福利又鲨疯了这次要让我的BFF实现吃鸡自由只要爱吃麦当劳我们就是永远的好朋友BFF揪10位各送500元餐券抽奖时间11月29日12月5日开奖时间12月6日1500麦当劳麦当劳福利宠粉福利麦当劳宠粉BFF吃鸡麦辣鸡翅脆汁鸡麦乐鸡麦麦麦当劳铁粉麦当劳忠实粉丝每天都吃麦当劳麦当劳抽奖免费吃薅羊毛,4
好听到让耳朵怀孕的宝宝好名字宝宝取名宝宝起名取名取名字改名字宝宝取名字新生儿起名字起名改名名字男孩起名女孩起名孕晚期,1
房东耍赖说我们没给房租怎么办我群里的宝贝看图流氓不懂就问有问必答不懂就问,1
口感的日语表达星R口当星R食感星R舌触星R歯触星R食応星R喉越向右R有嚼劲歯応多种日语表达日语知识干货日语笔译日语口译日语学习日语翻译,5
每天都来枕头中间尿一下也不知道最近怎么了每天痴迷于来两个枕头中间尿尿有时候一天尿一次有时候3次还好我买的床单够多兔里兔气宠物图鉴我家的妈宝宠物兔兔宠物薯,1
宁静的夜也许因为这个世界有白昼也有黑夜有冬天也有春天所以光明总是与黑暗交错寒冷总是和温暖相随一张图片制作风景大片治愈系风景手机壁纸,5
炸酱面美食以后想吃炸酱面你就像我这样做酱香浓郁做法简单又美味炸酱面美食,1
外酥里嫩蒜香浓郁超好吃的蒜香椒盐排骨小红书爆款美食推荐宅家美食日记椒盐排骨懒人食谱美食日常超下饭的家常菜,1
深圳你不宣传这个地方你糊涂啊人流量比起弘法寺少很多虽然位置会比较偏但是周末出来呼吸下山里的空气也不戳是深圳海拔坠高的寺庙周边还有好多打卡点挺集中的也离得不远例如云海广场三洲田水库梅沙尖森林小火车茶溪谷等都挨得近还都是免费的可以一次玩两三个地方了到寺庙大门口需要爬大概十分钟的阶梯也有不爬山直接坐专线到寺庙门口的路线但其实爬的时间并不久可以爬爬锻炼身体寺庙门口可以免费领三炷香寺庙挺大的比较出片处在四面观音到四面观音也需要爬一段长长的阶梯很壮观顶上可以俯瞰东部华侨城和三洲田水库景色好养眼真的很值得去一趟很舒服的出行门票免费盐田路地铁站出站打车或者坐云海专线C打车价格30左右云海专线一人15人如若两人以上出行建议打车又快又不用挤公车自驾导航大华兴寺停车场寺庙开放时间周一至周五8001700周末及节假日8001730假日citywalk深圳周末去哪儿来拍照了深圳周末做什么寺庙笔记灵感户外户外徒步遛娃好去处寺庙祈福,2
学校做番茄冒菜的爷爷成了稀缺人才标题是窗口阿姨的话原封不动记录下来的时候还是觉得很好笑这个冬天吃了多少次番茄冒菜其实我都记不清了只是有一次路过自选麻辣烫窗口发现增加了番茄冒菜的选择所以好奇尝了下结果舌尖碰到了新大陆后来一发不可收拾了酸甜这样的形容都有点片面和无力这个番茄原汤真是熬得很好的每次吃完还会喝光权当原汤解原食所以等候的时候趁没人和窗口阿姨说这个番茄汤做得真是不错我这个冬天都来了好多好多回了希望寒假的时候自己在家能试试不过我觉得不好模仿阿姨说我知道你番茄冒菜五号嘛每次都碰巧给你拿的五号就记住了阿姨后面的话也很好玩她说哎呀别说是你们了做番茄汤的是专门的一个爷爷我每天在窗口里转来转去偷偷看过好几次也没搞明白人家怎么做的反正就是很好吃真是这样上次我来得很早这个阿姨就说今天做番茄汤的那个爷爷请假了早上只做了一点儿就走了看来今天只有你这一碗了我就在想果然是这技多不压人呐掌握一门技术也好学问也罢有总比没有强会总比不会好要是还能做到不可替代让别人想学习嘿您猜怎么着那真是盖了帽了笑哭R最爱麻辣烫大学食堂学校食堂冒菜超好吃的冒菜番茄,1
金靖她是真的啊笑发财了搞笑还得是金靖导演面前无怯场只有更牛的金靖你完全想不到她会出什么梗王牌对王牌,2
有些猫从背后看确实挺圆的躺下去就送我家宠物上墙我家宠物好可爱我的萌宠猫咪日常云吸猫治愈日常我的猫,1
带货爆款日语怎么说星R带货販売促進向右R直播带货星R爆款超人気商品超商品爆売商品星R公众人物影響力人物中在综艺节目中流量小生的带货能力堪称一流日番組注目的呼男性販売促進力一流過言多种日语表达日语知识干货日语笔译日语口译日语学习日语翻译,5
live我的相机里装满了海光才是一切氛围感的源头这才是live图的意义我拍到的治愈画面海live波光粼粼发光夏天审美笔记灵感infp氛围感来自星星的艺术家INFP精神世界摄影薯,1
hayday卡通农场每种机器最贵食材12月版月冬季更新新加入食材奶昔这里将有全部的hayday机器最贵食材更加详细的介绍哦这里列表了所有机器可以食材的最贵食材在货架上价格最贵并进行了排序派对R派对R派对R卡通农场hayday卡通农场卡通农场hayday卡通农场三叶hayday三叶卡通农场攻略时隔多年再玩卡通农场卡通农场社区卡通农场社区招新食材卡通农场食材大全,5
整套不到3000元一米五底滤鱼缸是不是超值可以设计为溪流缸兰寿缸海缸等尺寸15045金晶五线超白玻璃瓦克121专用胶直角溢流单上单下全套管件四格底缸加双层干湿分离盒铝合金底柜细节按需调整有需要的朋友找我哦鱼缸生态鱼缸鱼缸造景兰寿,4
手机壁纸姓氏壁纸HelloKitty系列绘画壁纸姓氏手机壁纸送你好看的手机壁纸高清壁纸可爱壁纸每日壁纸kittyHelloKitty壁纸,5
没有你我怎么活啊那维莱特原神原神枫丹提瓦特工坊原神创作者激励计划,2
unboxing拆拆满额圆无语死了上海怎么突然就降温了滚吧,1
昨天在麓湖公园拍到的不知道大数据能不能推给本人怕人家觉得不好看不好意思给人家感觉意境还是蛮好麓湖公园广州市麓湖公园,2
造景大神水陆矮缸造景II同样来自匈牙利造景师的又一矮缸力作水草造景水族水草缸矮缸造景水陆缸造景矮缸水陆缸生态缸,4
超清壁纸梵高系列033每日壁纸高清壁纸全屏壁纸壁纸梵高壁纸分享可爱壁纸神仙壁纸致敬梵高,5
江南styleDJ舞这个简单卡点十足好好玩jazz零基础,2
799ecco男士老爹鞋深灰色是真的很耐看美国直邮ECCO爱步男时尚休闲鞋运动鞋袜套拼色防滑跑步鞋驱动8201840224439240104113421543194412455462,4
吃芋泥紫米桶芋泥控们你们又有口福了升级版的芋泥紫米桶来了芋泥芋泥控,1
给闺蜜投喂爱心下午茶便当鱼蛋火鸡面火鸡料的辣味包裹着鱼蛋也掩饰不了它的鲜味哦有鱼籽加持下一咬嘴里会有爆开的感觉太爽脆可口啦扯脸H私信R奥尔良大鸡腿土豆玉米酥鱼蛋火鸡面四味小饭团珍珠糍粑美食日常下午茶甜品今日便当小红书爆款美食热气腾腾的三餐安井鱼籽炸鱼蛋热气腾腾的三餐安井我的美食日记吃货薯,1
分享一个护发的方法用一个保鲜袋里面放入大约的椰子油一杯酸奶和或一颗鸡蛋几泵护发素和或发膜充分混匀把头发扎个低马尾把马尾放进去让发丝被充分裹住固定好后就该干嘛干嘛等12个小时后正常洗头就行了做了几次真的很有效果拯救被烫坏的头发加入酸奶或鸡蛋不是我异想天开哈是在一本书里看到的后面图片有书里的方法书名是皮肤的秘密非常棒的一本了解皮肤的书改变了我的很多认知护发,1
和爱的人当然要去一次奢华游轮旅行今年又去了好几个国家旅行游轮还是第一次尝试全新的体验没想到度假还能这么玩跟爱的人一定要去一次海洋光谱号呀,2
北美黑胡桃壶承干湿两用北美黑胡桃壶承干湿两用既可以淋壶养壶又能当作建水浑圆的器型还有开口笑的美好寓意茶知识茶生活壶承,5
散装水果冻干有了这我看谁还去奶茶店低至1毛的散装水果冻干别说一天8杯水18杯都不在话下妥妥的吨水神器,4
发工资第一步你会干啥大家发工资第一步都干啥啊我先来发工资第一件事吃吃吃喝喝喝你们都做些什么呢发工资了工资拒绝焦虑拒绝内耗,1
父母断生活费第44天水煮炸蛋早上想着吃个热乎乎的早餐美团优选给了优惠券还买了10个蛋就花了几毛钱哈哈哈哈早上煮鸡蛋一直冒很多泡沫我还以为我的锅没洗干净是洗洁精的泡沫呢煮完一看是什么因为一个蛋破了我放进去的时候都没有看到破煮完就这样了不过还能吃好香8点体测我吃饱穿暖上路了哭惹R哭惹R大学生生活费生活费今天的早餐长这样,1
伤害性不高可爱性极高又被小猫咪一脸正经地可爱到了小奶猫萌宠记录猫咪日常金渐屋评论区看看你们的猫,1
这位龙神号有点闪像是之前版本的基础上喷了个光泽漆笑哭R不过还是更喜欢这个新效果赞RMETALBUILD魔神英雄传龙神丸想记录下此刻这个模板有点东西,2
这回可能玩大了上海电视台昨天连线管理学教授马亮请他分析这次亿大奖为啥引发公众吐槽的原因马亮说这次资金额非常大不公开透明以往也多次有彩票组织的团伙作案腐败数目触目惊心江西民政局也展开了调查这因亿激动的心啊不知道有多少人跳个心律不齐江西彩票事件不知道能不能再出现大新闻,1
今天是学院风妹妹闪现一下骗你生女儿萌娃氛围感学院风舞蹈,1
网易云发终身VIP了还有13842个名额赞R大家可以检查一下自己有没有错过在界面同事说可以天天晚上emo时候用了笑死捂脸R网易云网易云黑胶会员上班广告公司日常广告,4
像真正的朋友那样miraculousladybug瓢虫雷迪小芸专属话题miaos瓢虫雷迪黑猫诺儿黑猫诺儿瓢虫雷迪太甜了,1
帮忙打包一下我这就离家出走了看看哪家ee罐罐多地址直接填哪家这两天太忙没怎么理它就生气噜还想藏进我的喵喵玩具里跟我玩躲喵喵暗中观察R也不看看自己多大只笑哭R如果我假装没有发现它的话大概能在那蹲一个晚上吧暗中观察R暗中观察R猫咪日常我家宠物好可爱吸猫金渐层猫送我家宠物上墙宠物薯,1
苍山负雪明烛天南风曳公主写真徐十七万锦其宁波约拍余姚约拍鬼刀风曳写真异域风情,2
学校新来个贫困生听说眼瞎的妈妈还要出去家庭听说很困难自己妈妈眼睛瞎了爸爸还找了小三她经常吃不起饭甄嬛传甄嬛传重温甄嬛传十级观众甄嬛传细节贫困生,2
我也是一笔笔画出来的近9小时一共16755笔尺寸不大也有M我都不用一个W偷笑R偷笑R我只想对当年的猴塞雷说一声对不起你真的很美画画的日常插画钢笔画版画procreate龙辰辰央视春晚动手寻龙画画不就是为所欲为,5
家居原木风设计一镜到底不懂就问有问必答新房装修家居原木风原木风装修室内设计,5
今天是11月23日祝你生日快乐派对R派对R生日贺图不二马大叔我不是胖虎一起长大漫画搞笑损友,2
五个人3000的奖金怎么分我们团队得了一个季度优秀奖3000我是组长两个来了一年左右的组员属于团队稳定的力量然后还有两个新人干了几个月但是能勉强完成公司给的目标我在想30026002剩下的1200拿来我们团队聚餐这些最理想的当然是一人600但是我怕其中两个有意见刚来的肯定不会有亲们能给点意见吗能让团队的所有人觉得公平团队奖金奖金奖金分配奖金发放,1
为啥辛拉面在全世界都这么popular啊我看韩国拉面种类还挺多的为啥就这款辛拉面火遍全球我买了一袋尝试了下说实话就那样所以这是为何呢日常碎片辛拉面韩国辛拉面好物推荐,4
日语短文阅读烤红薯冬季的定番美食焼芋焼物石焼石焼芋最近人気安納芋種類種子島作甘水分多栄養価高飯同种草R烤红薯就是烤熟的红薯种草R用石头烤的就叫做石烤红薯种草R最近受欢迎的是安纳芋这个品种种草R它是种子岛精心培育出来的种草R它非常地甜水份也很多种草R吃起来像奶油一样种草R营养价值很高种草R热量和米饭差不多,5
我弟高中一个月就生活费气的发抖就在刚刚我好难受我爸妈一直跟我哭穷我竟然还觉得他们辛苦大学手机自己买的平板是老人家奶奶的生日给我的难怪我一直打压式教育真的气哭了真的就是不爱就是不爱家里一切事情想告诉我跟我吵架他儿子回来什么都不说气的发抖父母不爱我就是不爱我以后跟我无关我高中一个月6百初中一个星期1百还要被到处说嘴馋其他零花钱狗屁都没有之前觉得都是觉得小事情我弟有新手机钱比我多一点也就算了我不计较今天要不是嘴巴漏了哈哈哈哈哈还交了女朋友无语啊无语哈哈哈哈哈哈哈哈破防了,1
音乐纯享这个视频别太爱惊恐R两颗心R拳头R风格yc慕沐甜品店慕沐的小摊98岁离芬带俩娃芝丸烧烤店陵墓日记玲沐yyds妍沐悸媛沐厌姐妹花桉沐希薰衣草沐浴露恋爱版慕沐柠檬味沐浴露春日慕沐and念旧茵为爱沐太阳音乐音乐分享纯音乐音乐纯享,2
是欢笑是惊恐喜羊羊与灰太狼喜美顾鹤桉桉树向日葵馨桉即是归处爱官方别限流薯管家小红书创作学院,5
2谁家孕妇都催产了还是没动静呀火锅冰淇淋暴走催生操爬楼梯覆盆子茶都试上了连sweep都做完了还有什么方法失望R失望R失望R,1
闺蜜嘟嘟好嘛我不管我就是要幸福永远都幸福苏婧妍苏婧妍宝宝,2
梦幻西游搬砖日常中游戏搬砖游戏搬砖工作室梦幻西游搬砖梦幻西游游戏日常,2
香香的牛肉面来喽今天的早餐长这样手机壁纸壁纸分享红烧牛肉面我的壁纸壁纸壁紙每日壁纸手机壁纸唯美壁纸绝美壁纸送你好看的手机壁纸每一帧都是壁纸个性壁纸,5
杭州东临平南商务座十分钟体验1杭州东临平南商务座有商务座专门候车厅在候车厅直接检票发车前有工作人员会带你去乘车在候车厅免费吃零食喝饮料色色R2就是想体验一下商务座穷人以前没有坐过笑哭R位置很宽敞座椅调整很多按键十分钟内都没有研究透笑哭R3零食小礼盒感觉已经值回票价了关于午餐我老公在后面乘务员从他那里过去的时候发了零食没有问吃饭我这里问吃饭了我说要的快下车了才幸好拿上了饭因为十分钟实在太短了三份饭其中一份本来其实是别人的快停车的时候他下车了正好我老公在后面没有订上都给我了笑哭R不知道是不是可以一上车就直接找乘务员不然很大概率是拿不到的4之前在小看到相关攻略今天体验了一下薅羊毛成功感受这个十分钟的车程不一定能拿到餐的我老公就没有订到我们以前没有坐过商务座今天去体验一下最大的感受就是有钱人真好笑哭R5以后出行应该还是会坐二等座量力而行有钱人勿喷吐舌头H高铁商务座杭州东站,1
不想打工的我做拌面一天就有8000多面条现做现賣虽然累一点但是看着每天的营业额一切都值得面馆日常小本创业餐饮创业特色餐饮,1
后悔买晚了黑科技小家电每秒都值得记录好物分享小家电让生活更美好的小家电提升幸福感的生活小家电,4
没确定关系但是已经亲了三次了我就不该对男女共处一室心存侥幸我的口腔溃疡已经一周了还没好深思熟虑昨天我俩选择去我家做饭吃醋坛子唯一的失算就是他根本没想到独居的我不会做饭他震惊的问我那你平时怎么吃饭呢我波澜不惊吃单位食堂买着吃或者去我爸妈家蹭饭吃现在和你在一块蹭你的吃醋坛子放弃挣扎为了维持我的些许形象我补充到但是我会做面醋坛子眼神中放出光芒我西红柿牛肉面西红柿鸡蛋面红烧牛肉面海带排骨面红烧排骨面麻辣香锅面醋坛子你说的是泡面吧我嗯醋坛子一边玩狗去吧去吧去吧于是我很惬意的在沙发上瘫了将近两个小时你别说醋坛子在厨房里矫健的身姿有那么一瞬间我都觉得自己嫁为人妇了酸菜猪肉炖粉条笋丝炒肉他又给我下了一碗西红柿泡面doge到目前为止我巴不得他就住在我家天天给我做饭他也没有什么抱怨吃完饭也没让我管就把碗都刷了把灶台收拾干净我都错愕了这难道不是我家吗为了答谢他我也点了小蛋糕买了酒恭敬的在客厅挑了个好看的电影把灯光调到了合适的亮度看到醋坛子收拾好坐下我殷勤的凑过去给他锤锤肩毕竟吃人嘴短嘛我刚刚你伟岸的身影真的像我妈醋坛子你要是说像你男朋友我可能会高兴一点说像你老公我现在就起来再给你做一顿由于字数限制我把这篇割开了等我开完会再更吧暧昧爱情crush,1
宁安如梦大结局白鹿的小宫女白鹿的真的好瘦衣服仙气飘飘超好看唯一的遗憾就是我的镜头被挡住了我俩在第4集扛着包袱进宫也算是一段珍贵的回忆吧宁安如梦宁安如梦白鹿张凌赫白鹿白梦妍,2
loopy这是跳的什么舞呢视频为官方视频二改某些无耻的同行不要乱举报至少我声明了并且剪辑改动了你直接用原视频还当自己是原创了再乱举报我一定把你所有视频举报下架loopy小海狸loopy小海狸露比Loopy,2
出生在有钱人家是什么感觉当代读书人父母存款借钱关于借钱婆婆彩礼家庭原生家庭婆媳关系婆媳笔记灵感不懂就问有问必答创作灵感日常生活里的快乐瞬间父母与孩子有钱人,1
灰粉太温柔了呀我的JK日常楼梯拍照粉色系jk穿搭jk西服显高显瘦显腿长,1
原创瑞雪凝冬兔治愈系插画下雪啦雪天闲来无事是兔兔们的最爱堆雪人打雪仗烹雪煮茶插花作画过的格外浪漫和诗意小红书创作助手小红书创作学院艺术薯小红书创作助手小红书创作学院艺术薯兔兔兔子治愈系治愈系插画原创插画治愈系漫画治愈系壁纸治愈插画插画分享下雪冬雪,5
他的绿茵青春结束了你的红黑青春开始了吗巴雷西AC米兰圣西罗巴雷西告别赛,5
免费以爱为营超上头宁安如梦也挺好看碎觉丸妤组合芹意绵绵7芹菜汐,5
佛渡有缘人南无阿弥陀佛阿弥陀佛希望大家事事顺心禅悟人生修行佛教命运,5
大家上班一定要警惕工作性抑郁每天上班加班本身工作都已经够忙了还要处理同事关系真的心累最近冲浪看到一句话直接豁然开朗工作来了就干干不好就道歉以后只要一做错事就是对不起道歉因为除了道歉我也做不了其他接不接受是你的事我只会嘴上道歉寻找小红书懂我的评论涨知识神评论职场日常抑郁同事关系心累加班,1
GoodMorning吃早餐吗snoopy史努比snoopy史努比,1
不是吧大胸妹因为围脖太大被大家叫大胸妹笑哭R笑哭R笑哭R真的这么大吗侏儒兔宠物兔兔兔大胸妹兔叽兔子萌宠兔子,2
家里开超市是什么体验冬天到了要养膘一起来吃夜宵吧深夜偷吃家里开零食店,1
真的有人会在本省读书工作一辈子吗小时候一直想着要好好读书去外省读书见世面没想到高考刚过一本线一百多分高不成低不就读了本省的一个本科高校以后大概也是在广西工作连工作的城市房子父母都在筹备了读书考研规培工作三班倒未来一眼看到头好羡慕身边考得好能够出省读书的同学或许他们能见到更多的事物体验我在这里看不到的人生高考已经过去很久了还是放不下高考围城工作,3
千万不要头脑一热冲动养猫1一定要封窗不拴养也不长期笼养2留离家近的宠物医生的联系方式3不生育的猫咪可以在第一次发情结束后绝育4猫咪2个月大就可以接种猫三联疫苗第一年三针每针间隔一月5外驱大宠爱福菜恩内驱海乐妙拜宠清不出门3月一次出门一月一次6猫砂盆天大的省的以后又要換7猫碗用陶瓷不锈钢不易黑下巴好清洗8猫碗不放猫砂盆旁边水碗是猫咪数量19想长肉发腮选择蛋白质含量肉含量高的思克特猫粮10不能暴力换粮要用天换粮法11猫项圈铃销衣服不必买12贝壳针梳勤梳毛定期剪指甲13每月彻底换两次猫砂并清洗猫砂盆14小麦草就是猫草可以让猫吃吐毛球15不要喂牛奶可以喝羊奶和舒化奶16猫不能吃洋葱大蒜葡萄巧克17蒸煮鸡胸肉比零食冻干新鲜营养18秋刀鱼可以补充鱼油蛋壳粉可以补钙19猫咪喜欢纸箱子狭小有安全感20猫不用遛外出用航空箱21养猫家庭不能种百合杜鹃绿萝秋水仙22养猫家庭不能点蚊香可以用驱蚊灯和电蚊拍23拉稀蒙脱石散24软便妈咪爱便秘乳果糖呕吐硫糖铝片咳嗽顺平倍通25外伤碘伏26感冒小儿阿莫西林27咳痰盐酸溴己28泪痕生理盐水擦拭29耳螨棉签擦拭干净滴入洁耳液揉一会擦干净30流眼泪妥布霉素滴眼液31肠胃炎禁食24小时喂乳酶生32猫鼻支多西环素顺平倍通33口yan碘甘油棉签蘸取涂抹口腔34黑下巴红霉素软膏百多邦生理盐水洗必泰35猫藓碘伏盐酸特比芬凝胶伊曲康唑胶囊36口服复合维生素b预防猫咪新手养猫养猫省钱功略养宠知识分享猫咪生病养猫经验分享猫咪日常,1
拍了整整三年往返八次终于凑齐了武隆天坑的春夏秋冬缩影成四张图像极了我们短暂且忙碌的一生,3
你倒是醒醒啊宝贝爱仰头睡觉的兔兔倒头就睡姿势妖娆叫都叫不醒你到底是有多困啊,1
感冒后咳嗽咳嗽咳嗽前天看完病之后开启了中药之旅孩子四岁了第一次喝自己熬的汤药前天晚上到了昨天一天喝了一副药从晚上咳五六遍到昨晚只咳了两次见效显著看来咳嗽还是需要中医治疗doge,1
30岁可以直接交15年社保坐等退休么30岁可以直接交15年以上的社保坐等退休么笑哭R社保缴纳,1
高血压的8个降压开关中医学认为高血压主要是因为情志失调饮食不节和内伤虚损使肝肾阴阳失衡气血功能逆乱所致按摩穴位能达到降压的目的以下是按摩时须注意的重点按摩穴位须配合呼吸呼气时肌肉放松此时按摩效果较佳列缺穴食指推列缺穴13分钟以感觉酸胀为宜经常按摩列缺穴可起到降气平喘降压消肿的功效从而可以有效地降低血压神门穴拇指按揉手部神门穴13分钟刺激此穴能够补益心气镇静安神治疗高血压及其引发的心悸健忘失眠等症太渊穴拇指按揉太渊穴50次以微胀为宜经常按摩此穴具有补益肺气通脉止痛的功效降压效果显著阳溪穴拇指按揉阳溪穴35分钟以有酸胀感为宜经常刺激阳溪穴可有效达到降压目的并可恢复血管壁的弹性血压区拇指食指捏拿血压区35分钟以感受酸麻为宜此法可有效缓解高血压引起的头晕呕吐等症状心反射区拇指按摩手部心反射区35分钟以感觉透热为宜此法可调理心脏促进血液循环对心血管疾病患者有益肾上腺反射区拇指指腹按揉肾上腺反射区35分钟以透热为宜此法可活血祛风平肝降逆改善血液循环降压降气大脑反射区拇指食指捏拿大脑反射区35分钟以感觉酸麻为宜此法可调节神经系统对血压的控制起到降压的作用高血压患者日常在控制血压时按摩穴位只是辅助作用其他饮食运动戒除不良习惯等事项仍需积极飞吻R高血压人群一定要做好每日血压的定时测量用科学的态度对待自己的血压精准测量有效控制健康长寿我的健康生活血压计高血压降压药高血压调理妊娠高血压按摩穴位按摩手部按摩降血压动态血压家用血压计医用家用款血压计电子血压计24小时动态血压,5
哈哈哈大半夜的敢给我斗感谢这位浙江人民最后一张图险胜害羞R害羞R搞笑日常专治不开心搞笑聊天记录南北差异,1
关于我无业投放娃娃机这件事3哭惹R哭惹R哭惹R跟各位精神股东汇报下情况营收售币924出了33个娃娃算了下刚好够一天的场地费总结喵的因为第一次永这这个售卖系统设置参数的时候不知道系统平台有好多营销方案没一单扣13块的手续费不说还有赠送币太坑了真垃圾,1
粉色系躲猫猫的小黑喵嗨一起来躲猫猫呀偷笑R偷笑R偷笑R浪漫生活的记录者头像分享头像女生头像微信头像优质头像原创头像猫咪头像壁纸每日壁纸手机壁纸送你好看的手机壁纸猫咪壁纸Ai绘画画画的日常猫咪粉色系小黑猫一起躲猫猫吖,5
居然这个妈妈也太太太太太太太绝了看到糊糊只能想到孩子小时候吃的辅食五颜六色的糊糊孩子的早饭还是不能糊弄的这个娃能健康长大也是不容易姐妹们早饭都给孩子准备什么呀亲子教育父母课堂孩子教育父母与孩子家庭家庭教育家庭教育经验分享育儿辣妈育儿经,1
八方进财手机高清壁纸原创壁纸手机壁纸今日份壁纸高清壁纸八方来财,5
有姐妹买了这个吗幸福西饼8寸小试牛刀买了一单坐等收货现在还有活动付到了40现金相当于幸福西饼蛋糕八英寸蛋糕,1
这个对视需要多少默契啊啊啊啊啊太爱了汪汪队立大功LYpups漫剪团,2
关于我打到一辆豪华车17号晚上赶着去看演唱会叫不到车随便点了几个笑哭R结果来了一辆奔驰e我还和我朋友感叹上海不愧是大城市20来块钱能叫到奔驰赞R赞R赞R结果一看108石化R4公里108石化R后悔没喝车上两瓶水捂脸R日常五月天五月天演唱会一起去看五月天,1
福到了快迎天下第一福搞的就是艺术手机壁纸每日练字打卡书法天下第一福今日壁纸,5
大家谁能够真正拿捏住这个动作第二次拍了这次拍的发现我的脚反了下次继续死磕到底笑哭R笑哭R笑哭R户外徒步爬山来拍照了户外拍照,1
我妈第一次来我家上厕所惊呆了浴室好物提升幸福感的家居好物视频分享好物,4
我的小狗超爱我的其实它一直能挣脱绳子只是甘愿被我们束缚柯基柯基宝宝,2
减肥路上的绊脚石人类幼崽算是其一人类幼崽迷惑行为宅家带娃日记奶爸带娃奶爸减肥,1
谁家导这么好玩儿啊前有朋友圈分享为什么你的学生不思考后有团建跳舞统一服装导师心腹大患我导儿想跳科目三真的没有考虑过你学生的死活吗笑哭R笑哭R笑哭R,1
小天才也有日本大使馆电话手表卡西欧手表玩机攻略爱日本小日子,5
不是喜欢挤你是喜欢贴贴喜欢贴贴又有什么错ip线条小狗原作者是韩国插画师moonlabstudio以上图片是二创禁止搬运盗图商用线条小狗马尔济斯线条小狗情侣恋爱日常小情侣的日常小狗狗能有什么坏心思,2
当孩子告诉我考上清北时我竟然家人们谁懂啊当我家娃查完成绩告诉我考上了清华北大的时候我真的整个一个大震惊家人们谁懂啊当我知道成绩的一瞬间我整个人都懵逼了孩子你没开玩笑吧这个分数是认真的吗我原来还以为他考得挺好的没想到一不小心还考了个全国第一太棒了我现在心情非常激动感觉都要飞起来了不过说真的这个成绩确实出乎我的意料看来孩子平时真的很努力才能取得这样的好成绩清华大学北京大学家长心理感受成绩单优秀孩子骄傲,1
能刺破西瓜的纸飞机你见过吗亲子手工手工折纸折纸教程幼儿园手工创意手工,2
好喜欢我的崽人类幼崽可以多可爱亲妈滤镜人类幼崽大眼睛宝宝宝宝成长记录宝宝日常日常晒娃人类幼崽日常大眼萌娃宝宝成长日记每秒都值得记录,1
这歌太绝了超好听得恐怖囍又又来了唱歌给你听翻唱热门洛少爷,1
北上广好像对时间有什么误解同事来我们单位前曾在上海待了十多年今天一起来上海开会他要去会场周围办个事我问他远吗他说不远走路半个小时,5
一些小美好正在井然有序的发生着知足且坚定温柔且上进克制朴素不问不怨不记知足感恩微笑简单心宽福自来治愈手工多肉多肉控多肉植物,5
HR的职业嗅觉离职职场那些事儿boss直聘入职即离职HR的日常,1
一定会上岸的25天冷了好想喝妈妈炖的汤首考倒计时加油加油火漆治愈火漆火漆配色,1
住在东京终于感觉到一点点幸福了虽然税金是全国最高但是福利也是最好的吧笑哭R日本东京s生活碎片,1
什么羊城通在深圳地铁竟然行不通不是说岭南通么汗颜R全省能用的在深圳的地铁竟然用不了汗颜R广州南站深圳地铁广州地铁深圳地铁卡,1
不是吧lv你还真出抹茶牛奶啊上次开玩笑说草莓牛奶和蓝莓牛奶都有了再之后是不是就到抹茶牛奶了lv你还真出啊哈哈哈哈Favorite这个包形太适合可可爱爱的配色希望芋泥的紫色系列能有favoritelv路易威登louisvuitton好物分享最爱的包包抹茶,1
女生越吃越瘦的五种食物科普女生食物小红书创作助手小红书视频号,5
真的以为她肚子被扎穿了走过去之前她一动不动我真的又被吓到结果是糖Lulu给我变了个魔术失望R长毛猫纯白异瞳米努特,5
从42岁靠社保撑到退休的秘密你知道了吗我多次表达过作为成年人你可以一无所有但是一定要有社保很多时候这是我们最后的体面中年人们请收下这份靠社保苟到退休的指南社保退休提前退休退休生活我的退休慢生活社保缴纳保险保险怎么买保险知识灵活就业缴纳社保深圳社保社保知识社保小知识自费交社保个人交社保社保补缴灵活就业社保社保补贴补贴失业失业日记领取失业金我失业了失业保险金失业补助金失业金中年失业失业保险失业补助金领取社保40504050补贴,1
太原果然是大城市啥都能吃到啊这个饺子种类也太多了吧还能拿回家自己煮这高低拿捏了太原美食太原美食攻略饺子包饺子饺子控太原兴富桂水饺,1
暴富头像梦到天上下钱了祝暴富当我换了新头像头像男孩都暴富暴富男生头像暴富暴富暴富万物不如搞钱搞钱头像发财头像祝你一夜暴富發财被愛好運常在,5
诺一了解到真相她的父母是被魅影残害的星卡梦少女严诺一欧阳雪东方桃子冬日暴击,2
金莎闺蜜为啥不愿意听她说心事了新一期金莎说自己感到伤心的事情是她之前喜欢跟朋友倾诉寻求帮助后面朋友提出付费的要求她因此感到很受伤这段很明显能感觉出来心智年龄上金莎也是个少女比三岁男友成熟点吧大约18岁按理说人随着年龄增长心智成熟对她人的依赖程度应该越来越低的但从金莎之前的其他节目能看出来她是个爸妈宝女被优渥家庭娇养长大的乖囡囡所以她心智成熟的速度比别人要慢上很多但当父母因为跟时代脱节已经不能够给到她足够有用的建议时她把求助的眼神投向了朋友依赖对象呼叫转移她这位朋友无疑是比较能干的能够给出中肯有用的意见也能提供足够的情绪价值推断应该是个工作能力较强势必也不会太清闲的人所以高频率的12小时的通话我猜测TA多少是有些吃不消的上篇我也说过我的观点朋友任何关系都是互相给予的双向也是非常重要的友情基础如果长期单向索取友情势必是会消耗殆尽能当上爸妈宝女在我们这片土地上算是一个大幸运懂的自懂可以有父母为自己遮风挡雨但父母不可能当一辈子的屏障他们会老会弱当然会有超级幸运儿马上又能遇到一个可靠老公或者怨种朋友继续得到庇护汲取能量但这说到底终究是把自己人生希望寄托在别人身上与其奢求与自己没有一丝血缘关系的朋友和爱人为自己撑起大伞不如自己走两步出去淋淋雨快速成长成一棵大树庇护自己想保护的人比较有意思的部分是金莎说她个这位收费朋友断交后决定以后由自己来做莎莎人生的编剧不再征询朋友的意见然后她就与这位小男友邂逅了怎么说呢有些黑色幽默可能小男友就是莎莎淋的一场雨吧娱乐薯,2
结果出来了咱不开玩笑结果出来了还有四个月就进入小学了规划好的预定路线不出意外这个学校将伴随未来12年的义务教育期间从什么都要学到步入社会都要靠这个学校照顾了自闭症发育迟缓特校特殊教育特殊儿童,1
沈月配饰分享买贵了她是真说啊元气少女沈月配饰分享来咯她真的真的很有日系少女的感觉分享的配饰也很可爱不过买贵了她也是会吐槽的哈明星同款明星私服首饰配饰分享配饰不重样好物分享日系少女沈月沈月同款,4
遇到这种人千万不要怕她不还遇到这种人千万别怕他不还遇到欠债不还且vx不回还拉黑那就不用多说了直接起诉立案快的话几天就能追回传票一到对方就乖乖还目前vx账号都是实名认证过的调取实名认证信息一般是通过向法院申请律师调查令的方式由律师持律师调查令进行调查欠款金额一万元以下诉讼费只需25元起诉流程1小程序搜索人民法院在线服务进行实名认证后选择我要立案2选择审判立案不愿意调节为本人申请3选择地方人民法院案件类型选择民事一审4关键的来了按照提示上传材料就可以等待法院审核了对方不来也没关系法院可以公告送达缺席审理缺席判决拿到生效判决申请法院强制执行就以追回欠款了现在对不还钱的人有以下措施欠钱不还的人手机里的余额可以直接冻结划扣对方名下的住房以及他未成年子女名下的财产都可以直接被拍卖对方名下的养老金和公积金都可以被强制执行坐不了高铁飞机欠钱不还人连开车都不可以加大对拒不履行判决的惩罚力度如果对方有钱就是不还甚至可以追加他的拒资罪红书R家人们又遇到欠钱不还相关问题不懂怎么处理不知道怎么操作的可以盐地区金额红书R也可以单独发我具体情况看到都会回复欠钱不还老赖借钱小红书法律知识课堂欠钱起诉关于借钱借钱不还朋友借钱起诉立案,1
比亚迪看了都得流泪我知道你想那个赞R但你别那个捂脸R开车在路上比亚迪汉,4
3000万近千平大平层被吐槽不如老家自建房记录真实生活我的生活日记大平层豪宅吐槽小红书创作助手小红书创作学院,1
圣诞壁纸丨云端中的圣诞城堡愿我们心中都有打不碎的圣诞城堡呀禁止转载商用礼貌取图圣诞船长AI绘画不一样的你小红书创作助手小红书REDesign小红书创作学院小红书成长笔记艺术薯艺术薯薯队长生活薯,5
冰糖的水果肯定是草莓最好吃啦吃了甜食会开心简单美食草莓冰糖葫芦冰糖草莓,1
以后清蒸鲈鱼你就像我这样做只要多加这一步做出来口感嫩滑无腥味大人小孩都喜欢清蒸鲈鱼,1
酱腌辣椒今天分享酱腌辣椒做法简单味道好保存时间长美食腌辣椒臧大厨教做菜小红书创作助手,1
我想这就是live图的意义啊啊啊啊啊浏阳烟花绝美比这美一百倍一千倍这才是live图的意义浏阳烟花,5
节俭这件事要从小培养人类幼崽可以多可爱人类幼崽人类幼崽日常宝宝宝宝辅食宝宝日常宝妈,2
電車痴漢一路池袋到西川口今天电视新闻電車痴漢一路池袋到西川口埼京線牙白呀话说为啥日本女孩子都不怎么反抗报警日本日本生活,1
谁家导这么好玩儿啊前有朋友圈分享为什么你的学生不思考后有团建跳舞统一服装导师心腹大患我导儿想跳科目三真的没有考虑过你学生的死活吗笑哭R笑哭R笑哭R,1
月嫂要知道宝妈月子期间不能吃的10中蔬菜月子餐月子餐食谱月子月嫂月嫂培训家政,1
上海Loopy全国首展来了静安大悦城已经门里门外贴了loopy的海报啦女明星就是有排面超阔爱开始loopy小海狸loopyloopy表情包loopy周边上海展览周末去哪儿静安大悦城,1
美少女战士头像魔卡少女樱迪士尼公主美少女战士美少女百变小樱手绘头像美少女战士头像优质头像头像,5
为什么我买的三金显得这么少啊评论区里大家的三金都很漂亮这个帖子就用来分享自己的三金吧派对R然后希望姐妹们下次买金的时候一定不能冲动看好自己的需求再下手货比三家赞R不要像我一样冲动消费啦,1
这个破婉字有什么好不得不说甄嬛传里的胖橘是多么钟爱这个wan字菀莞绾婉看到甄嬛的妹妹自己的小姨子还要给人家改个名字用悼念亡妻的作品取了一个婉字还记得胖橘沉浸式封妃的时候对宜修说的这个菀字不好为了从前的事生出许多风波来这会又觉得另一个婉字好了果然人总会为自己想做的事情找各种各样的借口甄嬛传十级观众甄嬛甄嬛传细节甄嬛甄嬛传里名场面甄嬛传甄嬛传语录甄嬛传十级学者甄嬛传表情包甄嬛传重温甄嬛传胖橘甄嬛甄嬛玉娆,2
胡桃木餐桌无保护使用三天后美是美的就是真的很软一堆划痕笑哭R不过只要不仔细看是没影响的如果不能接受使用痕迹的千万要谨慎下手不然后期保养会很心累北美黑胡桃木胡桃木餐桌北美黑胡桃,4
到底哪种肠粉才是正宗的啊刚来广州半个月之前一直吃楼下的肠粉觉得挺好吃的心里想着还挺健康萌萌哒R萌萌哒R结果昨天去吃早茶发现他们的肠粉和我之前吃的完全不一样诶汗颜R汗颜R汗颜R不是说就是米浆做出来的吗想问问大家哪个正宗一点啊是不是都有添加别的东西不是纯的米浆不然怎么会有这么多种形态哭惹R哭惹R哭惹R肠粉广式早茶石磨肠粉,1
风景视频素材多乐观一些会发现你的世界里什么都是偏甜的治愈系风景治愈系,1
它唯一的缺点只有重庆有r的车厘子冰汤圆真的好好吃啊宝宝辅食宝宝爱吃爱糯叽叽的一切笔记灵感,1
在日本开个油条店店地址在东京江户川区西小岩11924店名卤香源经营种类现炸油条豆浆手工包子馄饨豆腐脑粥等除了以上还有各种熟食鸭货营业时间早晨800下午1430晚上17002200每周一定休日大家别跑空日本东京,1
魔兽世界魔兽世界战士经典竞技场套装魔兽世界魔兽世界幻化幻化,2
广东牛杂店的味道到底是怎么调出来的本广东人在宁古塔尝试卤牛肚用了十三香糖豆瓣酱蚝油啤酒味道非常一般拿到街上卖会被人骂的那种uu们有什么改进的建议吗哭惹Rpsuu们别骂了手上调料有限就都放了一遍当时思路是十三香卤料啤酒料酒反正豆瓣酱百搭是不是听着合理多了学到了谢谢uu们下次一定试试新的配方牛杂美食我的美食日记香港美食潮汕美食人生建议,1
每日初中英语小短文Chinesered小学英语怎么学英语语法小学英语初中英语初中英语每日英语英语初中英语怎么学英语单词零基础英语,5
雪中圣诞氛围感壁纸高清开始期待圣诞了吗ins壁纸高清壁纸治愈壁纸我的日常原创壁纸今日壁纸iphone壁纸用一张照片开启冬天的故事,5
lv的sa买得起lv吗我是个土狗连lv都没进去过突然好奇lv的sa的日常包包是不是也是lv是不是也像其他品牌一样有内部价有没有姐妹给我解答一下doge,5
日语入门mydaily日常短语日语跟读日语日语轻松学日语学习日语教学零基础学日语日语入门,4
龙王传说第三季今日开播有人打劫为了赚钱古月和叶星澜豁出去了要想从此过留下买路财1集看点斗罗大陆3龙王传说第三季今日开播啦每周五上午1000爱奇艺优酷腾讯同步播出更新斗罗大陆龙王传说斗罗大陆3龙王传说古月唐舞麟叶星澜唐家三少动态漫画二次元,4
天河的写字楼都这样吗8点45分电梯在大理石墙后面这个阵势我能准时9点打卡吗天河打工人太难了广州天河办公室写字楼写字楼电梯打工人打工人日常,1
别问了在福建后悔没早点来腿已废但很难忘号称闽南第一山海拔1288米行程路线门票人停车建议自驾到灵通山青云宾馆停车场1从青云宾馆旁正门进入徒步大概半小时到达悬空寺位于悬崖边的寺庙由衷感叹其鬼斧神工可以提前准备一些香烛烧香祈愿2下午两点左右可以出发擎天峰爬山的路程很长很长很长而且全都是野路很新奇也很刺激由于有本地人带路全程大概2小时登顶到达顶峰的时候风景绝美体会到了人生是旷野下山大概五点刚好看到了夕阳关于装备最近天气好爬山容易流汗需要防晒衣和防晒帽可以准备登山杖比较好上山背包带一些简单的干粮和水即可不然负重很累徒步路线推荐每周一山一起去爬山厦门周边游我的私藏旅行路线户外徒步,1
声控模仿组长批改自恋学渣作业声控模仿偏心组长批改作业爱官方官方大大求热门没流量啦想想上热门,2
壁纸传统文化皆好運道德经不仅是中国历史上最伟大的名著之一也是世界文化遗产的宝贵财富它对中国传统的哲学科学政治宗教等各个领域都产生了深远的影响影响了许多后世的思想家和学者道德经是除了圣经以外被译成外国文字发布量最多的文化名著吸引力法则中国传统文化新年道德经,5
两元店自主购物小学生放学后日常今天作业完成的早去逛一逛两元店买了一个的盲袋和我一起拆拆看最近天气冷了户外活动也少有了这个纽特舒玛维生素每天补充营养增强体质班级里好多同学都生病了你们也要注意身体哦小学生日常盲袋维生素d纽特舒玛维生素d纽特舒玛维生素D和免疫力小学生自主购物小学生日常小学生家有小学生我的日常,4
假如米加是一款联机游戏米加小镇日常米加小镇小红书创造学院米加小镇剧情米加小镇日常vlog,1
对一斤没有概念苦果大学生对斤是真的没有概念啊想自己做点银耳汤喝于是就去买银耳老板问你要多少我说来个一斤吧老板说1斤是500克我一想500克这么点好像不够吃吧老板给我来5斤开开心心下单收到的时候一个大箱子我还以为是哪个小哥哥给我送的大熊猫虽然不重但是真的好尴尬这都够吃一年了大学生一斤对斤没有概念的大学生崩溃了,2
打工人一周的精神状态太真实了汤姆和杰瑞猫和老鼠艾特你想艾特的人打工人精神状态精神状态打工人内容过于真实,1
真的很舒服又软糯爱了爱了内裤女生礼物精品蕾丝性感内裤内衣内裤,4
情侣头像8组救命吖太萌了情侶頭像情侣头像分享情侣头像分享可爱情侣头像优质情侣头像萌娃情侣头像小众情侣头像氛围感情侣头像超好看的情侣头像头像女生头像优质头像情侣头像动漫头像可爱头像动漫女生头像头像分享好看的女生头像情侣头像动漫头像少女头像猫咪头像女生头像闺蜜头像好看的女生头像动漫女生头像漫画头像好看头像可爱头像,5
我长大了会变成你吗kiwi今天认识了一只大白狗朋友大白狗是一个老奶奶带出来的老奶奶曾经是美军的训犬师她说kiwi会崇拜大白狗因为他们颜色相近kiwi在想象自己长大了会不会变成这样好可爱呀小时候vs长大后遛狗日常比熊,3
叫了个代驾228米这合理吗昨晚解放西路边拉的一个代驾我感觉我被坑了现在是不回消息了231128937更新早上叫滴滴也不是高峰时期往常30秒以内就能叫到车的今天23分钟才叫到上车后听司机说昨天晚上1000开始dd软件崩溃了貌似是被公鸡直到刚刚才恢复好,1
蛋仔派对抽奖丨抽到羊蜜了耶只花100抽到了羊蜜哇R之前答应过她羊蜜返场就给她抽一个的斜眼R听说保底300充了328没有想到100就抽到了偷笑R真是幸运女神眷顾了呢派对R,2
大连昨晚多少度一夜之间团灭了贪恋这时候温差的代价再要么美要么死之间它们选择了后者失望R多肉植物多肉控,5
艺术热岛艺术家幽默的水墨智慧的艺术hi大家好很高兴在小红书里让我们成为好朋友我是刘晓东笔名白丁擅长版画漫画创作在此分享我一批轻松幽默的水墨漫画博大家一笑我尝试用传统水墨的技法表现漫画将古典人物造型与漫画语言相结合融入哲理寓意轻松诙谐流露书卷之气散淡之美让水墨幽默起来智慧起来我从事漫画创作20年作品多次入选伊朗日本比利时等国际漫展国内展赛中主要奖项有获第十二届第十三届全国美展提名奖17次入选中国美协主办的版画漫画展览漫画入编教育部人教版八年级政治教科书插图现为中国美协会员水墨漫画艺术热岛艺术热岛艺术家小红书艺术发光计划刘晓东漫画好看的漫画推荐,1
半山风雨半生忧一杯清茶难入喉山后本是清净地奈何俗人一身愁,3
爱奇艺黄金会员怎么买便宜爱奇艺黄金会员怎么买便宜新发现爱奇艺会员的渠道既省又省心直接续费真的贵的受不了但是又必须要用所以干脆去找渠道啦月卡季卡办年卡年卡都有的有售后可咨询放心入价格美丽不管是考研党还是喜欢用爱奇艺看剧的人来说都是很友好爱奇艺爱奇艺会员看剧不懂就问有问必答,5
不经本人同意拿东西算不算偷我心爱的娃娃让我妹拿走了趁我不在家问我妈能不能拿走玩我妈很敞亮的替我做决定了这一次我要自己夺回来日常亲戚,1
iPad手机壁纸088青葱岁月III浪漫生活的记录者送你好看的手机壁纸氛围感手机壁纸壁纸全屏壁纸高清壁纸神仙壁纸每日壁纸每日壁纸分享壁纸分享古风山水意境治愈系风景治愈iPad壁纸ipad壁纸每一帧都是壁纸今日快乐今日发,5
关于我打到一辆豪华车17号晚上赶着去看演唱会叫不到车随便点了几个笑哭R结果来了一辆奔驰e我还和我朋友感叹上海不愧是大城市20来块钱能叫到奔驰赞R赞R赞R结果一看108石化R4公里108石化R后悔没喝车上两瓶水捂脸R日常五月天五月天演唱会一起去看五月天,1
二次构图发光滤镜尊嘟是废片之神差点就删了的废片居然介么宝藏二次构图你真的我哭亖IOS原相机调色曝光9鲜明度70高光13阴影52对比度11亮度16自然饱和度4色温20色调4一些小tips数据要依据皂片情况调整喔尤其是色温喜欢冷调就多色温反之多加裁剪的时候多多聚焦主体尽量去掉杂乱部分适当矫正照片注意平行垂直更具精致感去米XXwink你我当年画质修复2次左右get高质感画面更多ins调色可以康奈奈之前滴作品浪漫生活的记录者笔记灵感ins风滤镜调色教程修图调色我超会p图derins风壁纸滤镜调色分享调色教程plogiphone调色手机调色氛围感拯救废片发光滤镜二次构图常用修图技巧摄影构图技巧,5
第一次直面苹果税的无耻最近在听一本星际文晋江今天显示余额不足充值的时候发现之前appleid换了国家又要重新输入地址和银行卡信息觉得麻烦就在网页上充了充的时候觉得不对劲手机上30块只能买到1打头的晋江币怎么网页上能有将近3000呢以为自己记错了打开手机查好家伙手机上充值居然要的手续费网页上微信充值只要啊第一次直面苹果税的险恶你要个10倍我都能接受你要40倍果然割韭菜还是资本主义国家的资本家更狠啊苹果税苹果手机充值税,1
图一月嫂走的第一天belike图二宝宝已经四个月啦派对R每天感叹我怎么有这么可爱的婆婆啊,1
比晚风还温柔的兔宝宝好名字宝宝起名宝宝取名字宝宝取名2023兔宝宝兔宝宝兔宝宝宝宝起名宝宝取名字2023兔宝宝,1
真只有一点小号犯困绵绵棉花娃娃棉花美娃娃棉花娃娃娃衣棉花娃娃娃衣安利我爱官方大大求流量稚恬的专属话题,2
黑暗料理都已经波及到猫界了领先墨鱼舔舔罐我很丑可是我很好吃今天给猪咪们安排上领先的新品舔舔罐了区别于原来的肉饼质地这个是绵密的慕斯质地适合舔舔怪小猫们适口性也不错猪咪们哐叽一顿炫又是美美光盘的一天呢宠物薯宠物薯我的养宠日常猫咪吃播沉浸式宠物配餐小红书养宠手册猫咪配餐领先主食罐领先墨鱼主食罐,2
为什么她总是要我管接送她曾经是个飞行八年的空姐凌晨3点钟上班或者下班是常态八年里面我风雨不改把她接送到员工班车的地点不管寒冬炎夏或台风暴雨每一次都目送她上车和等着她下车如果说谈恋爱的时候这是追求她讨好她的表现那结婚后是出于对一个家庭的负责婚后她选择保持自己的事业我大力支持家里有两辆车我也鼓励着她开车上班她却宁愿挤着公司的班车她说我希望每天上班和下班第一个能见到的是你,1
客户送了我套化妆品可惜我山猪品不了细糠居然不知道什么牌子多少钱捂脸R捂脸R捂脸R无奈只能求助各位路过的帮我看看,1
2024你迟早是富婆好好运连连浪漫生活的记录者仙女聚会快乐加倍小红书图文模板每日壁纸原创壁纸手机壁纸2024,5
奶油柠檬三文鱼清新开胃十分钟搞定柠檬三文鱼在家也能做的西餐笔记灵感,1
闽南婚宴两千多一桌吃过一辈子忘不掉泉州惠安结婚酒席一桌两千多14道菜8个是海鲜道道硬菜吃过一辈子都忘不掉泉州美食宋元中国看泉州它唯一的缺点是本地限定闽南酒席闽南婚宴婚宴吃货薯,5
小黑小白来更新啦没想到之前随手发的视频收到了这么多大家的喜欢替我家两个小朋友谢谢网友们小黑妹妹是我最近才收养的她本来对这个枕头不是很感兴趣所以没有买第二个家里也有挺多其他各种垫子躲避屋啥的结果他俩彻底绑定之后跟她哥哥学的就开始也喜欢趴了分享几张两兔和平共处的照片萌宠兔子侏儒兔垂耳兔,1
自制薯条外酥里脆家里只要有土豆就能做酥酥脆脆的薯条从此实现薯条自由孩子们也超喜欢宝宝辅食日记不重样宝宝食谱宝宝辅食达人,1
每天都来枕头中间尿一下也不知道最近怎么了每天痴迷于来两个枕头中间尿尿有时候一天尿一次有时候3次还好我买的床单够多兔里兔气宠物图鉴我家的妈宝宠物兔兔宠物薯,1
艺术热岛艺术家幽默的水墨智慧的艺术hi大家好很高兴在小红书里让我们成为好朋友我是刘晓东笔名白丁擅长版画漫画创作在此分享我一批轻松幽默的水墨漫画博大家一笑我尝试用传统水墨的技法表现漫画将古典人物造型与漫画语言相结合融入哲理寓意轻松诙谐流露书卷之气散淡之美让水墨幽默起来智慧起来我从事漫画创作20年作品多次入选伊朗日本比利时等国际漫展国内展赛中主要奖项有获第十二届第十三届全国美展提名奖17次入选中国美协主办的版画漫画展览漫画入编教育部人教版八年级政治教科书插图现为中国美协会员,5
增城区新塘承包工厂饭堂新塘付款承包食堂广州新塘很棒的饭堂承包公司元满意度高的食堂承包增城区员工工作餐食堂承包给员工天天吃饱吃好3菜一汤4菜一汤新塘饭堂承包广州增城区附近食堂承包,1
今天是黑丝辣妹泰裤辣jk制服jkjk穿搭辣妹我的JK日常每日穿搭,1
不许评判孩子的作品小时候画画捏泥之后给大人看想听到的是为什么想要做这个呀是怎么做出来的呢而不是像不像好不好还行继续努力不喜欢想要分享的东西只是被拿去评价打分发朋友圈小时候是现在也是在国创园walk的时候看到的展图片还在卡里没导出来只是封面这一张特别想发小盒作艺术馆小盒作艺术馆不许评判孩子的作品,3
广州这波是什么病毒昨天开始低烧一直在浮动凌晨四五点烧到几乎一整晚没睡要命啊病毒低烧发烧,1
一口一个的沙糖桔贵师傅表示雕这么迷你的小橘子手要废了打游戏都不得劲了天然琥珀蜜蜡蜜蜡手串琥珀蜜蜡琥珀珠宝玉石文玩手串文玩配饰文玩女孩国潮文玩,1
有些猫从背后看确实挺圆的躺下去就送我家宠物上墙我家宠物好可爱我的萌宠猫咪日常云吸猫治愈日常我的猫,1
每次睡醒都想捏她但是她这次居然会咬人人类幼崽可以多可爱2023兔宝宝萌娃日常刚睡醒的宝宝骗你生女儿尿不湿大佬胖宝宝人类幼崽人类幼崽迷惑行为人类幼崽日常,1
宿管阿姨居然是我妈当我妈是宿管阿姨时大学四年又是一种什么体验今天妈妈教会我3件事如何处理室友关系吃饭的坠佳顺序手机软件提高学习效率学生时代这个视频有点料热门处理宿舍关系室友关系男女关系吃饭减肥塑形运动打篮球体育生学习效率学习软件大学生学生宿舍女生宿舍宿管阿姨,3
居然这个妈妈也太太太太太太太绝了看到糊糊只能想到孩子小时候吃的辅食五颜六色的糊糊孩子的早饭还是不能糊弄的这个娃能健康长大也是不容易姐妹们早饭都给孩子准备什么呀亲子教育父母课堂孩子教育父母与孩子家庭家庭教育家庭教育经验分享育儿辣妈育儿经,1
自建房花园改造每天都是被鸟叫醒的小院子重庆庭院景观花园自建房设计改造施工庭院别墅改造庭院景观设计花园设计设计庭院设计花园设计与改造重庆庭院施工重庆私家庭院设计施工庭院景观设计,1
半夜轻易不要离开床去卫生间否则否则它会趁机钻被窝啊啊啊啊太过分了拉布拉多拉布拉多成长日记大半夜不睡觉半夜半夜睡不着系列钻被窝被窝里的小可爱卫生间狗狗,1
062膨胀风手机壁纸布朗熊夜里的梦是白天梦里的梦如此而已种草R种草R种草R种草R种草R种草R本款为两张分别锁屏壁纸桌面壁纸BrownLineTown,5
阳光与梦幻蓝紫海盐奶盖一人食吃什么自制神仙饮品沉浸式做咖啡奶盖蓝色,1
让我们恭喜这位26岁的女士重新获得学生身份裸辞来巴黎上学gap已经两个月了这两个月里最棒的事情是我终于可以把所有的专注力都放在自己身上我可以暂时不用为了明天的工作而活以前明天如果要开会我必须穿的正式一点一会儿的通勤太久大概率来不及吃饭了那我随便买点儿面包吧今天要加班所以我们下周再见吧在重新获得了学生身份以后终于开始有时间沉下心来读一些原本根本看不进去的文章也开始有时间思考关于自己的问题我也开始关心自己的每一餐不断尝试一些东西是不是真的自己喜欢去学去看去玩儿自己真正感兴趣的认识了更多很棒的朋友们我的同学们从20岁到50岁35岁的魔咒在国外从未听说没有斤斤计较的hrgap和年龄也从来都不是问题能在工作之后还有机会再读书无疑是幸运的即使一年很快就会过去我可能还是会回到原本的生活里面但那时候我应该会成为更从容一点的大人了吧留學大龄留学Gap留学法国巴黎留学生留学那些事留學日常法国裸辞裸辞后的你过的怎么样自我成长女性成长努力成为更好的自己,1
天呐要不要这么直观营养师营养师朋友已在线营养师陪你逛超市练背体态体态大师体态纠正瘦脸操杨紫颜淡杨紫变瘦变美变好看变美我熟笔记灵感,1
昨天加了鱼一共42条刚刚好了生态鱼缸新手养鱼养鱼日记养鱼观赏鱼鱼缸造景水草古法养鱼,1
猪爸爸老婆我来帮你小猪佩奇小猪佩奇搞笑配音搞笑的日常搞笑爱官方别限流,2
感觉墨兰嫁入豪门后还没有在家做姑娘宽裕当时看到这幕就觉得她头上的装饰也太素了银钗记得安陵容就因为簪的银簪被嘲笑知否知否应是绿肥红瘦,2
找到了世界出bug的证据图片是我妈自己拼的早上起来我妈疯狂在厨房喊我妈你快来你快来好恐怖你快来我啊迷迷糊糊从床上弹起来光脚跑到厨房妈你记得昨天我说家里没鸡蛋了所以没煮鸡蛋对吧我对啊昨天没吃鸡蛋鸡蛋还是回来新买的妈我今天煮鸡蛋特意刷了锅拿了三个鸡蛋放进去的你看我对啊咋了我低头看了一眼蛋托里确实少了三个鸡蛋妈那你看看现在锅里有几个鸡蛋我四个会不会是之前剩了一个放进去了妈不可能咱俩早上一直是你吃一个我吃两个对吧我对啊我吃不了两个妈所以我只会煮三个不可能煮四个我这咋整这鸡蛋还能吃吗大眼瞪小眼妈吃呗我忍痛吃了两个鸡蛋吃起来和平时没什么不同都是新鲜的嫩嫩的我早知道吃之前拍合照了还能留个证据妈我拍了太离奇了主要是我昂可能卡bug了高温啥的妈我所以我们这个世界其实是数据库吧都是代码妈我早就这么觉得了妈跟说她小时候有一次自己在走廊里玩是那种东北老筒子楼头上没有架子和柜子啥的没有储物的地方她走着走着突然掉下来个东西伸手去接发现是个一元钢镚子硬币不是老版本国徽的那种是新版莲花的不知道那个时候有没有莲花的但是我估计没有可惜我只是个臭画画的没搞科研不然高低当解密第一人要不学学我感觉多多少少有点天赋发疯世界bug卡bug离奇经历,1
0元领华为手机锦鲤们速速报道领手机说到做到多多来送华为Mate60Pro啦感谢各位米宝们一路以来的支持多多又又又来送福利啦活动时间2023年12月1日2023年12月31日参与方式点击下方限时抽奖即可参与祝各位好运ps宝们请认准N多寿司官方认证号不要被其他假号忽悠啦此次抽奖无需支付任何费用N多寿司,4
看完楓葉又想看櫻花期待明年的櫻花季拍摄时间2023年3月31日伏见十石舟前两张551000背割堤后两张351420,1
斗龙战士我的神斗龙战士斗龙战士洛小熠斗龙战士东方末斗龙战士蓝天画斗龙战士凯风斗龙战士百诺斗龙战士子耀宋霄瑾的专属话题,2
学校医务室的医生都这么离谱吗医务室小病治不好大病治不了治不好但是也治不亖哈哈哈哈哈哈哈哈哈哈哈哈哈迷惑行为迷惑行为大赏搞笑日常,2
高清壁纸水族箱里有什么原创高清壁纸安卓苹果通用高分辨率喜欢的小伙伴每日壁纸手机壁纸壁纸高清壁纸全屏壁纸神仙壁纸壁纸分享iphone壁纸每一帧都是壁纸送你好看的手机壁纸,5
小马宝莉抽抽乐小马宝莉卡片小马宝莉抽抽乐小马宝莉MLP小马宝莉,4
随心所欲壁纸手机壁纸5阳光洒向山谷每朵云都洋溢着无限的欢乐和希望让它为你的生活平添一抹快乐的色彩原创壁纸商用二改转载任何形式发布难道就我一个人喜欢拍天空吗春日壁纸绿色iphone壁纸原创壁纸治愈壁纸夏日壁纸夏天壁纸绿色壁纸风景壁纸今日份壁纸壁紙今日壁纸简约壁纸唯美壁纸iphone壁纸原创壁纸无水印壁纸手机壁纸每一帧都是壁纸为天空拍张一寸照,5
破50赞更日常希望能火樱校樱花校园樱校卡点跑酷一定要看到最后,1
出票啦和上次看阿哲的位置差不多哦小齐哥周六见派对R派对R派对R任贤齐2023巡回演唱会演唱会门票任贤齐苏州演唱会,2
好的家政阿姨一定不会在市场流通不只看到一个网红小姐姐这么感慨了好的阿姨真的对生活品质提升特别重要具有不可取代性不过这么看来只要是稀缺属性的都不在市场流通有钱人会早早锁定啦家政网红,1
大脸哈基米又来想骗我小桃子吃我的萌宠侏儒兔兔兔我家宠物好可爱宠物兔萌宠兔子,5
生理性喜欢真的好奇妙啊果然身体比大脑更清楚对crush的上头程度到哪了和npy确认关系后才真正体会到生理性喜欢原来是这种强烈又持续的感觉啊说实话和npy还在暗潮涌动的时候确实有私心因为他的声音让我抓不住啊忍不住想犯罪声控姐妹们懂那种感觉吧真的那声音太太诱人了冻未条啊后来线下约见面一见到他这颜值又加成不少心想这波不亏姐这次一定要拿下现在想想当时的冲动果然没错啊晚上和他约吃饭在吃饭的时候听他讲了今天工作怎么样了朋友又去哪了他叭叭讲半天我倒是一句话也没听进去眼睛闲不住一整个直勾勾地盯着他哎好想摸摸他的小脸捏捏他的muscle啊走在马路上消食一路顾着留意哪个地方比较隐蔽因为我满脑子就一件事我想亲他哪个地方没人啊好想立刻马上啊他问我在看什么我说你猜他说猜不到但是我现在好想做一件事我说是啥突然间他向我靠近嘴唇自然而然地就迎了上来哇谁懂啊谁懂这不就是生理性喜欢的双向奔赴吗派对R派对R派对R哎回去的路上我看他一路有好多瞬间都在偷笑那种不经意的表情流露我感觉时时刻刻都在勾引着我涩涩的心蠢蠢y动啊得意R姐妹们身体上的喜爱骗不了人身体真的太知道怎样给予喜欢与不喜欢真正的反馈啦谁试谁知道吖浪漫生活的记录者生理性的喜欢才是真的喜欢恋爱情侣我和男朋友的日常,3
鱼缸造景壁纸0050唯美壁纸iphone壁纸鱼缸动态壁纸治愈系壁纸治愈壁纸鱼缸造景风景壁纸,5
道家二十八星宿图壁纸壁纸手机壁纸原创壁纸每日壁纸壁纸分享全屏壁纸高清壁纸,5
奶嘴教程它来了超简单好吧教程棉花娃娃安利棉花娃娃棉花娃娃棉花娃娃安利,4
下馆子巧遇赵琳吃碗牛肉面爆笑不断下馆子巧遇赵琳吃碗牛肉面爆笑不断牛肉面熊出没永不过时熊出没一眨眼10年过去了赵琳的探险日记光头强,2
昨天在麓湖公园拍到的不知道大数据能不能推给本人怕人家觉得不好看不好意思给人家感觉意境还是蛮好,2
我们办公室有一女同事中午经常就是吃点水果或小零食很少看她吃饭问她为什么不点外卖或者自己带饭她就说减肥但她经常借口尝尝同事的饭菜这个碗里吃点那个碗里吃点昨天中午吃饭的时候这位女同事正准备夹另一个同事碗里的鸡腿那位同事立即把碗端开了然后说小张啊要不我给你点份外卖吧看你这样子也不像减肥这样搞下去只怕大家都会瘦的呀小张红着脸说不用不用我真的减肥只是想尝尝你们的手艺而已尝尝手艺可以啊改天邀请你到家里去做客要不你也带饭什么的和大家一起交换着嘛小张尴尬的笑了笑也没再做声只是静静地坐在了工位上其实现在在办公室很多人都是自己带饭或者点外卖然后坐在一个地方一起吃有时候大家并不是怕碗里的菜被吃掉而是不喜欢借着减肥的借口而做出一些让人不悦的行为没有边界感的人素质真的是奢侈品办公室同事办公室日常奇葩同事职场职场日常日常碎片PLOG,1
济南蜜雪冰城四款明星饮品教程分享雪王长年累月都卖的非常火爆的四款饮品教程分享500毫升版本详细原料及比例文件可免费提供饮品培训济南网红饮品线下培训蜜雪冰城,4
出个二手给我整沉默了双11换了想着把以前用的小12出掉结果刚刚发布就一大堆消息弹出来刷了小红薯才知道原来好多人收了寄回或者换配件或者压价等等还好当时坚持只出自提了且明确标不刀后来一个大哥加了我又是拍视频又是打电话的说让我一定给他留着明天下午面交我说行第二天大哥电话过来我出1500我我愣了还好没见面不然多浪费时间但是他来回给我打了四五个电话还各种看视频哭惹R后续我坚决不同意因为楼下二手店给到1700了大哥要不你1600给我吧1700再打电话1800出给我行不我买给我儿子的巴拉巴拉真是怕了聊天记录无截图好友已删,5
现在的大学生这么卑微了吗支棱起来昂派对R咱们家是从不搞假滴硬气一点只有正品支持验货假一赔十二口西多爱官方别限流妮维雅630美白美白淡斑怎样美白淡斑妮维雅630淡斑焕白精华,4
新加入小紅書回顧一下今年部份東箱精品乌龟日常乌龟龟龟养龟日记小乌龟养龟养龟日常东部箱龟箱龟寵物我家宠物好可爱,1
上海的企业为什么都喜欢租赁打印机租赁优势第一租打印机不需要流动资金成为贬值的固定资产买机所有权归买方但到了一定年限或一定金额设备使用寿命缩短上海打印机推荐用好打印机且年限短复印机租赁打印机租赁办公设备复印机租赁维修打印机好用打印机推荐打印机推荐复印机租赁打印机租赁办公设备租赁电脑租赁行政人事it前台采购管理财务公司日常企业hr行政管理,1
新来的同事说他吃的很少我今日快乐今日发奇葩同事饭量大每秒都值得记录,2
几栋楼收租还读书上班是不是傻当然不是图二说的很好了其实人如果太闲又没有兴趣爱好很容易精神空虚的加上物质丰富容易被专门针对有钱人做局搞钱的人盯上一不留神就被哄着走歪路掏空积蓄如果有个事情做上个朝九晚五的养生班虽然不能完全避坑但是至少空闲时间大大减少安全系数直线上升害羞R要是运气更好一些还能实现自我价值哇R哇R哇R话说到底啥时候能有几栋楼收租啊doge,1
哈哈哈不会亚洲蹲的小朋友日常奶凶奶凶的乔治弟弟不会亚洲蹲笑的我哈哈哈哈哈哈哈人类幼崽可以多可爱混血宝宝亚洲蹲可爱宝宝人类幼崽日常,1
别墅8选1别墅别墅装修别墅设计别墅豪宅别墅庭院独栋别墅说说我爱的装修风格好房子看这里设计,5
一脸懵逼是怎么回事双血侏儒兔兔子日常萌宠兔子兔子宠物兔侏儒兔我家宠物好可爱双血统侏儒兔,1
深圳笨罗卜人齐了才能进我我一个人齐了谁给你惯的啊人齐了才能进四个人吃饭三个人到了还不能进去拿桌微笑R微笑R我突发奇想直接往里走那个小哥拦住我你几个人我我一个人人齐了对方很不情愿的给我放行了然后进去拿了个桌把五个菜点好了服务员问我几个人我说目前一个有可能最多四个然后就把桌子上原本摆好的剩下三套餐具收走了就给我留了一套餐具微笑R微笑R微笑R好啊好啊反手一个电话让外面朋友进来外面有人拦住就说里面有朋友已经在吃了什么破规矩里面那么大那么多位置空着微笑R外面一堆人在等至于好不好吃怎么说呢湘椒比它好吃深圳文和友长沙笨罗卜,1
日语发音练习第4天日语口语日语学习日语学习打卡日语入门日语发音,5
夜礼服假面二技能也太炫了吧暗中观察R暗中观察R暗中观察R暗中观察R暗中观察R王者荣耀王者荣耀皮肤,4
大刀肉辣条零食辣条大刀肉辣条童年辣条零食美食大刀肉办公室零食健康零食追剧小零食零食测评零食推荐美食美食日常我的美食日记美食分享,4
单位食堂一周菜单冬季菜单怎么排欢迎各位同行关注我相互学习,1
十元一份贵吗特色小吃街头美食街头小吃集结吧光合创作者草稞美食日常,1
羊守八预告喜子疑似黑化上次黑化貌似还在羊守六喜羊羊与灰太狼XX神仙团队铃秋的专属话题喜羊羊与灰太狼之心世界奇遇羊村守护者团队XYD漫剪团,2
看得出她们是王牌南汐配音社联动展示片欢迎你的加入期待你的报名开头ycmf谢谢江南仿音南汐配音社用一张照片开启冬天的故事,1
小羊的学习日常风雨总会来临风雨总会过去风雨过后是阳光明媚学习打卡学习日常,1
在不用开口就知道是外国人的穿搭大大方方做自己每日穿搭自媒体运营穿搭自媒体创业,5
在澳门我的消费观崩塌了澳门澳门美食澳门吃喝玩乐澳门旅游澳门攻略,1
其实爱上的不是雨而是看雨滴落下的瞬间将心事一点点的融入雨中融入的也许是一点开心一点伤感一点回忆一点哀愁又或许是一些想念和一些无法对别人诉说的故事对吗,3
钵钵鸡它来咯钵钵鸡啊钵钵鸡一元一串的钵钵鸡萨摩耶狗狗小狗双眼皮,2
日语短文阅读大萝卜冬季必囤菜之一大根一年通買旬冬寒時期甘味春夏大根辛強最近大根半分3分1売葉近甘下行辛強种草R萝卜一年中都能买到种草R但是它属于冬天的时令蔬菜种草R寒冷的季节味道清甜水份充足种草R春天或夏天的萝卜辣味更重一些种草R最近会把萝卜切成一半或13来卖种草R据说靠近叶子的部分会比较甜种草R越往下辣味越重日语学习日语口语自学日语零基础学日语日语学习打卡日语入门学日语日语阅读日语口语日语听力自学日语日语翻译日语教学日语资料萝卜,5
让老公体验孕妇的一天让老公体验孕妇的一天亲身体验过之后才发现母亲真的太伟大了要是这期破十万赞下一期让老公体验分娩怀孕孕妇准爸爸搞笑怀孕不易,1
养龟日常快来看你儿要越狱了笑哭R笑哭R笑哭R笑哭R笑哭R真的是要被笑死了就像个奶娃娃站在床边围栏大笑R大笑R大笑R大笑R大笑R准备越狱一样哈哈哈哈哈哈哈摔出去也是惨兮兮的捂脸R捂脸R捂脸R捂脸R捂脸R乌龟养龟日记龟龟乌龟日常小乌龟特立独行饲养员,2
妈妈给我治月子病的钱我买了金条悄悄做了一件不敢让家人知道的事憋在心里特别不舒服发出来倾诉倾诉这几年已经花了数不清的钱了老公的工资我的积蓄妈妈给的支援为了这月子病真的是家财散尽每次去医院都是大几千也经不起几次索性买了个小金条第一次有这种冲动不为别的就想看看钱都花在哪儿了不想让它消费的没有价值看着我的小金条忍着身体疼痛不知道这样做对不对病还是要看的可是我当下就是想小任性一把希望我的月子病早点好起来等老公发了工资再去看吧物业费暖气费多兴趣班课费加学杂费多一下子亚历山大以前我能上班日子还勉强过得去现在因为个月子病紧巴巴的不知道啥时候是个头,3
小米鱼缸有气泡了有了大缸后小米缸当作水草供应基地了笑哭R,1
日常见面小花束明码标价29花礼73号款规格10枝包装如图价格顺丰冷链包邮花材卡布奇诺5支折射泡泡5支如图包装鲜花花束点缀生活的鲜花鲜花分享花艺明码标价花束鲜花花束生日花束玫瑰花束小众花束情人节花束玫瑰花粉玫瑰花束花花花花店每周一花卡布奇诺花束卡布奇诺卡布奇诺玫瑰花束,4
真不该签的想剁手有点怕当时真不该手快签上马上就到期了这可怎么办啊我的妈我的姥我的褂子我的袄我的爹我的爷我的袜子我的鞋我的大伯二舅爷我的裤子尿半截哭惹R哭惹R哭惹R哭惹R真不是引流啊哭惹R哭惹R哭惹R救救孩子吧孩子的月租9元联通卡还没完成还差300多份可怜R可怜R可怜R小红书运营小红书涨粉对赌协议职场日常00后大学生辞职劳动仲裁华为,5
千万不要一下子用你太喜欢的头像因为这会导致你很久都换不了以前很爱根据心情换头像发现好看的头像会有欣喜感但是最近我的头像收藏夹已经闲置了因为现在用的已经封神感觉没有什么头像可以把它换下来毕竟我也是一个不会再用回原来头像的人不忍心和我的冷冰告别这一别便得是一辈子哭惹R哭惹R,1
60秒沉浸式布置床车寝室要几步拥有从上次床车过夜之后睡觉R突然无比怀念大学时光虽然那时候我啥也不懂但傻呵呵的幸福至今记得吃瓜R不能时光倒流回到大学时光那就布置一间梦中寝室送给现在的自己吧爱自己的100种方式虽然现在很多烦恼但不妨碍忙里偷闲把生活过出滋味未来的回忆里也会多一些幸福呀姐妹们今天也要好好爱自己哦飞吻R汽车薯视频薯VLOG薯生活薯日常薯汽车薯视频薯VLOG薯生活薯日常薯床车床车布置沉浸式布置床车改装自改床车床车生活重返校园大学宿舍我回到十七岁的理由我的离职生活爱自己的100种方式浪漫生活的记录者刷到了就是缘分Vlog我的一天我的日常Vlog车载好物提升幸福感的小物玩车的100种方式适合女生开的车新能源汽车SUV纯电车潮酷车生活,4
喜美小剧场因为第一次做这种类型可能做的不太好婉风之旅喜美小尬剧喜子无偿素材群恬喜专属话题恬喜素材群小洛素材群天星工作室恬喜的小糖果喜羊羊与灰太狼爱小红书爱官方爱官方推我上热门,2
日本找二手一户建我的一些不成熟的经验在大阪看了那么多二手一户建我总结出了一些经验所以今天这篇文章我想大概说一下我的看法和需要注意的事项当然毕竟我不是房产从业人员因此我的见解可能有主观和局限性所以此文仅供参考还是要以专业人士的意见为准1贬值问题大约自1982年起日本开始实施新的抗震标准因此建议尽量选择这一年之后建造的房子日本的一户建房屋通常会贬值大约在25年左右其价值可能归零如果你买的房子已经25年以上了那么大概率就只剩下土地的价值了虽然日本有很多百年老宅仍然住人但是我但我个人建议选择15年以内的会比较好2土地价格土地价格取决于地理位置繁华地区自然价格更高以相同的价格在偏远地区可能能买到比市区大得多的房子也许还带院子而日本的土地是可以拆除重建的但要特别注意的是日本现行规定是道路宽度必须大于4米有些老房子面前的道路可能不符合这个标准所以当你翻建的时候就必须让出道路导致损失大量土地面积所以一定要问清楚3挑选房子的要点先确认房屋周边有没有工厂仓库和墓地工厂和仓库会很吵闹墓地自不必多说为防止被骗建议在日本的找房APP上对比该房源或周边类似房源的价格看是否有较大差异我不建议买过于老旧的房子因为首先过于老的房子地基一般不是钢筋混凝土而一户建基本都是木制需要考虑白蚁问题其次过于老旧的房子下水道线路房顶等容易老化如果出问题会非常麻烦且维修费用很高最后主建筑有可能会出问题我就听说过有人为了省钱购买了几十年的老房子没几天台风把房顶刮飞了我也不建议选择海边的房子海风容易腐蚀木材4持有费用一户建不同于公寓或者塔楼只需要缴纳一个房产税主要是根据建筑物和土地价值估算的所以房屋越老缴纳的越少具体数额因地区和面积而异无法准确预估但是相对的没有物业自然也就没有维修虽然新一户建有保修但是二手就不一定了很多情况下房屋出现问题都是需要自己修理的5地理位置如果预算有限我认为选择普通的居住区更为合适无需追求市中心毕竟日本城市本身就不大大阪市甚至还没有北京的丰台区大普通居住区也很方便至于教育问题公立学校都差不多私立学校也不是就近分配所以对于普通家庭来说没必要总结以上是作为非专业人士的我基于个人经验所做的分享仅供参考有不准确之处还请谅解,1
谁懂啊家人们咬了一口直接爆浆妈呀真没想到这玩意儿会这么好吃像是在吃果汁夹心的口香糖一样蜡瓶糖蜡瓶糖可嚼不可咽全网最蜡瓶糖解压高颜值,4
因为体重被劝退身高176体重160从事前台的之前体重130140浮动老板也是女生明里暗里让减肥觉得比较胖了现在160斤接近165老板直接说前台这个工作不太适合我暗戳戳说我胖气质土气质与公司形象不符但是工作一直不出差错待人接物也让人舒服所以老板说给我机会让我减肥年前瘦到入职时候130的体重她说减肥也是为我好同时也要好好练练穿搭不要浪费明媚的青春时光怎么减肥呢其实有的时候看到自己这么粗的腿都觉得恶心因为胖回家也不想动弹压力大就吃越胖越不开心从初中到现在几乎都在因为体重自卑看着体重秤上的数字很不开心一直在内耗也因为体重健康受到一定的影响所以无论如何也一定要减肥了有没有减肥成功的姐妹跟我说说是怎么减肥的呀我要好好制定计划女生梨形身材减肥健康养生蘇州自卑焦虑励志改变自己高个子穿搭土,1
被我哥忽悠参加国考后被我哥忽悠报名了国考一点也没学今天能打印准考证了考点离我32公里打车77块附近宾馆300一晚我不想去了一番合计以后决定起个早坐48站公交晃悠俩小时过去起得来就考起不来就拉倒找我哥转我5块我坐公交哥给你10块坐好点的真是亲哥日常分享聊天记录套路国考生活记录23国考,1
元旦节快乐手抄报简单漂亮的的元旦节快乐手抄报线稿可打印元旦节元旦节快乐手抄报手抄报,1
生理期洗澡被人误会成割腕儿了大社死来姨妈第一天想洗个屁股去睡觉然后我就进了洗澡间北方的大澡堂子有隔间但是没有门因为太冷我就穿着上衣但是光着屁股失望R然后由于水太凉了我就一直用手接水搓着手等水热一些再洗此时姨妈血流了一地量有点儿大扶墙R这时候有个小姑娘突然哆哆嗦嗦站在外边儿声音颤抖并且犹豫了很久吞吞吐吐的说这是怎么了这怎么回事怎么这么多血天呐等等等语气十分的惊慌失措惊恐R我一开始是没有注意到她的因为她也不敢靠近声音在洗澡间的水声里又实在是太小了是后来隔壁间的女孩子也在问她怎么了发生了什么直到这时候我才反应过来我上身穿戴整齐光着屁股然后手伸在水里地上一地的血被人家小姑娘误会成割腕儿了失望R我赶紧解释生理期是生理期小姑娘赶忙把头转开还连声说对不起真的很可爱哈哈哈给人家造成了不小的心理阴影sorry咋说呢大澡堂子还挺有一定的安全系数捂脸R社死尴尬瞬间研究生日常大澡堂,1
楼道献爱心变强制突然就说需要捐钱也不说用在哪里给谁用后续跟进如何一开始还是让大家随机献爱心然后就变成点名谁谁谁没给了怎么不让年轻人活了是吧还想捞一笔据说是给居委会的每次找他们办事盖章还需要送礼现金才肯多看一眼平时喊人都不在的这我需要给他们捐款有没有搞错啊就给贫困儿童十块都可以过很久为什么要给居委会啊还是所谓楼长来强制性负责什么都是强制性还有很多人觉得小钱就算了我花十块钱开通会员还能让我快乐服务于我呢我给他们能获得什么还要嫌弃我给的少我真的搞不懂搞不懂,5
这个当场的回答真是没想到啊哈哈哈哈哈哈哈瞬间醍醐灌顶女性女性智慧女性成长韩剧韩剧推荐女性力量独立女性女性情感女性主义,1
原来12年那会做tb真的是捡钱原来上大学就靠审美差异在赚钱了大学毕业因为这个tb店去了广州一心想干到皇冠可惜还差一颗钻就到了每次我都在快要完成前觉得索然无味可能每次都把现实价值实现当成了游戏真的是喜欢所以才有那么多蛮劲不过那会是真的很好做这个店2011年到现在也是12年了就在tb找点品牌外贸支个灯铺一个纸重新拍照包装23倍买也不愁生意12年的网红还是左岸潇古早的记忆闪现hm的合作款饰品还是年轻人眼里时髦的象征没想到人生最接近财富自由的时候是刚毕业的那一把扯脸H看到很多广州朋友为了资源和更好做生意嫁给一个无所谓喜不喜欢的人当时的形式也很尴尬要么allin转型做打版要不找一个有助攻的另一半转型就得更多压力管理能力舔男人我是真的不会所以只能开始去上班了whatever幸好现在已经自洽了我可以穷开心赚点自己能赚的钱至少还有其他时间去发现下一个自我实现,3
在爸爸的爱里在我的爱里你所有的委屈会被理解你所有的伤心会得到安慰你积压的情绪会得到释放受伤的心会被缠裹和医治你会更新而变化体验关系的改变如此喜悦甘甜Mary婵的艺术人生,1
老天爷啊厨房台面打到了进来看的人没有不说高的扶墙R本人185但是没有高低台被各种嘲笑了扶墙R装修日记,1
上厕所也不放过周末啦开始黏住麻麻上厕所也不放过失望R宠物兔兔子日常萌宠兔子兔兔我家宠物好可爱,1
宝宝生日文案宝贝生日快乐朋友圈文案宝宝生日文案宝宝生日快乐宝宝生日周岁文案朋友圈九宫格,1
我下班后飞奔去买蟹的理由就是它香辣蟹自制香辣蟹好吃到上瘾的香辣蟹香辣蟹做法蟹,1
关于我的手工上了霸王茶姬ZBJ后续霸王茶姬的执行力真的我哭死下午发帖感慨我的手工都可以去大理参加生日会我却去不了晚上就收到茶姬总部的邀请去大理参加生日会包机票住宿我的老天爷啊我是什么幸运小狗啊霸王茶姬我真的会爱霸王茶姬六周年CHAGEE霸王茶姬重庆CHAGEE霸王茶姬北京霸王茶姬CHAGEECHAGEE霸王茶姬广东CHAGEE霸王茶姬湖北CHAGEE霸王茶姬江苏CHAGEE霸王茶姬云南CHAGEE霸王茶姬四川CHAGEE霸王茶姬辽宁CHAGEE霸王茶姬浙江CHAGEE霸王茶姬浙江CHAGEE霸王茶姬河南CHAGEE霸王茶姬山东CHAGEE霸王茶姬浙江CHAGEE霸王茶姬浙江CHAGEE霸王茶姬福建,4
既然办公室不让养宠物那我悄咪咪带棵树去文章后图有上新一批噢家居薯,1
20231202博洛尼五十家瓷砖大翻车后续来啦1四个角严重不平2圆形方形的开口开得各有千秋3海棠角缝里能塞下另一条缝工长说明天去看一下如何处理PS换了门之后没有人告诉我们盒子里的锁不能用结果用了之后装修的钥匙进不去了无语20231206工长发来了最新照片已重新贴砖请见最后四张图片看图片满意了周末再去实地看下,1
最弱重庆人挑战江西辣当场被开除重庆籍挑战江西菜吃辣臭鳜鱼热气腾腾的三餐成都,2
关注的UP主每月租房费用1万6不禁感叹真是赚钱有方啊一年就是19万2千接近20万扶墙R,1
3个生娃真相准妈妈应该知道真正经历过才知道当妈妈要面对这些毫无尊严的被围观带娃屡屡崩溃身材走样变化大,1
即将迎来的4000花骨朵垂丝茉莉养护总结下来有几个过程处理好的话难度应该算是简单一网购或者刚买回家紧急需要注意的第一步是除虫在土表层撒点小白药枝干和叶片喷洒吡虫啉都是可以减少后期各类害虫的有效方法如果是有丝状蛛网需要排除是否红蜘蛛感染如有使用乙螨唑会很有效二缓苗一月后通过观察叶片生长情况判断植株整体生长是否正常春夏季的垂丝茉莉叶片生长十分迅猛可以说每周都有变化如果长时间不生长需要挖出来看看根系确保土壤的疏松即需要透水也要有一定的保湿垂丝茉莉生长季节对水分需求旺盛三换盆时机掌握需要在其生长季节开花季前最好不要换盆前通过一段时间观察如果浇透水过两天土表干的比较快可以判断爆根可能性较大可以考虑换盆培土方面椰糠砖搭配泥炭土珍珠岩是比较好的也可以买成品营养土换盆过程中建议加入一些发酵羊粪小白药等帮助底肥和除虫四每年十一月差不多是花条生长开始此时此时可以适当人工摘除部分老叶促使营养导入花条五花期一般两个月期间正常浇水添加花多多二号补充花后期可以适当修剪来年会在修剪处产生两倍分叉喜欢棒棒糖款的尽量把下面枝条剪干净垂丝茉莉垂丝茉莉养护垂丝茉莉开花,4
谁发明的奥利奥神仙吃法有手就会好吃哭了替你们试过了真的好吃到可以原地出摊了只要两种材料牛奶奥利奥第一种放冰箱冷冻一夜奥利奥冰淇淋第二种放微波炉叮23分钟奥利奥布朗尼蛋糕答应我一定要试试自制饮品奥利奥的神仙吃法自制神仙饮品神仙吃法美食日常冰淇淋吃了甜食会开心神仙吃法巧克力在家做甜品,4
免烤箱蜜桃乳酪大福冰淇淋口感巨好吃蜜桃果酱2个桃子白砂糖柠檬汁桃子皮水糯米糍糯米粉玉米淀粉白砂糖纯牛奶2滴红丝绒液黄油乳酪馅奶油奶酪白砂糖淡奶油在家做甜品免烤箱甜品怎么做一人食吃什么水蜜桃大福爱糯叽叽的一切,1
宁安如梦大结局白鹿的小宫女白鹿的真的好瘦衣服仙气飘飘超好看唯一的遗憾就是我的镜头被挡住了我俩在第4集扛着包袱进宫也算是一段珍贵的回忆吧宁安如梦宁安如梦白鹿张凌赫白鹿白梦妍,2
小天才如何背单词听写单词隐藏功能篇发现了一个听写单词的好方法可以只设定自己想要听写的单词方法利用家里小天才手表的拍立查功能扫描生词添加收藏单词就可以听写自己不会的单词了不需要额外下载其他软件害羞R害羞R家长再也不用为小朋友的背英语单词发愁啦也很适合大学生宝宝和考研党快拿起你的小天才试试自拍R,4
带家人去拍全家福啦没想到成片竟拍成经典拍摄造型服装锦瑟古风摄影地点北京北京约拍故宫拍照古风写真亲子写真儿童写真少女写真颐和园写真北海约拍一价全包服装道具拍摄全程透明消费套路拍摄不满意重拍哦一套服装精妆造精修底片全送摄影师一对一跟拍10年拍摄古风的拍摄经验派对R有女儿的赶快安排起来锦瑟古风摄影北京写真汉服写真北海公园古风写真儿童写真故宫写真暑期计划约拍写真全家福,2
真心提问大学生哪来那么多钱打扮自己跟舍友的生活费基本一个月都在1500左右大部分人生活费应该都差不多这个数吧怎么学校里那么多精致的美女小姐姐我们平时除了吃喝基本就不剩多少了根本没有闲钱买化妆品衣服啥的各位姐妹是怎么做到穷还活的精致啊生活费大学生帮助,1
儿媳妇又要减肥了今天早晨我做了干馏碗杂面儿媳妇给我说她吃了这顿逗要开始减肥从明天开始不要做她的主食了幺儿听了逗给老头说我赌3天老头说不得看勒次的决心应该能坚持5天我给儿媳妇讲减肥没得问题吃了多运动一哈逗可以了不吃饭楞个遭得住嘛我要给儿媳妇搞减肥餐起码喊她坚持7天婆婆儿媳妇减肥减肥餐,1
跟同事聊天说到美国有小费我说这是真的嘛我以为他们会回应说确实不太合理结果他们都表示理解因为美国服务业没有最低工资一份小费所有服务人员均摊而且不付也不违法但是会被吐口水吧原来如此捏smalltalk小费,1
和牛啊誰懂啊之前我吃的都是串2串這個只是串不管多少錢我還是會買來吃害羞R既口融化誰懂啊偷笑R大笑RAuroraBukitjalilBazaar我覺得選擇不多可能是因為太早去了笑哭R,1
不穿安全裤的尴尬场面不穿安全裤的尴尬场面动漫推荐动漫解说暖暖动漫,2
今日推荐韩国电影夜关门欲望之花电影讲述了一个女人在照顾老头的时候两人居然产生了爱的火花怎知看到最后才发现这一切都是女护士在报复老头第重温的好剧电影推荐好看的韩国电影推荐这部电影也太好看了,2
高晓晨的钢琴水平有十五级哈哈哈哈大嫂和大哥严母慈父自从高启强跟了大嫂之后教育水平都提高了不仅学习钢琴还学习外语还会跳舞了狂飙,2
家人们能问问借朋友的家里住了23天我说平分房租水电她说好然后最后几天她又说她不可能吃亏说和我不是合租要按外面最便宜酒店200块的三分之一72块每天算然后加起来比她整个月的房租水电都贵她房租2000水电202让我给她发2275然后我很懵但是我又没地方去我就只能说按她房租除30天再乘以我住的天数算不平分房租了然后水电两百多我说我付200总共1798她又说还有物业240总共要1898我说行结果隔天一早她突然就翻脸好像和她有什么深仇大恨从来不认识一样很恐怖打电话又是普通话又是家乡话一直骂还翻白眼用凶狠的脸色瞪我为了要钱还专门请假在家堵我不让我出门说必须今天发她我说我最快8号可以发她她就说是不是看她好欺负还必须让我签了借条说8号没发全就加1000块还押我的身份证和行李箱才行才让我出门说8号发是因为我不想不明不白就被她坑钱太突然了她坑我钱我总要想想办法吧不能她反悔了要坑我多少就给她多少吧所以别再说是我不想给钱了重新协商完已经立马给了也别再说她突然发疯坑钱是我期间没给她表示我天天能干的话都干了我还要咋表示她想我表示可以说啊不能是她突然变卦坑钱的理由吧我们早就说好平分的哦是她临时反悔变卦的哦大家觉得我要怎么和她算这个钱呢平分房租水电什么的我肯定是平分的但是让我付她一整个月的房租水电正常吗她为了让我这么付还算好了72一天的酒店钱,1
父母断生活费第40天消费r回归西兰花的怀抱天气真的好冷这种天气真的很适合躺在被窝里面睡觉大学生生活费生活费,1
他克你在中国是很严重的指控今日快乐今日发日常生活碎片生活记录每日分享玄学小红书玄学中国传统文化,1
狂飙里老默最无语的眼神都给了这两个高材生老默大学生都这么缺心眼吗读书人都这么彪吗狂飙老默高启盛程程,2
这是不是韩剧是我们拆腻丝延吉100块钱吃一天真的太香了,5
源头工厂睡衣家居服源头工厂怎么找为什么要找源头工厂拿货呢能拿到最源头的价格货源稳定上新快可以第一时间拿到新款极速鼠春季持续上新中赞R赞R家居服源头工厂直销一件代发源头厂家,4
免费抽奖送华为大礼包浪漫生活的记录者薯队长爱官方官方大大求热门给粉丝送福利支持国货华为宠粉福利感恩节做我的粉丝我宠你爱玛电动车时尚爱玛自在出行爱玛闪耀,5
负责和爸爸坦白了每天都在想着怎么还不敢露出半点情绪整个人真的很崩溃很焦虑也在努力找工作不知道晚上爸爸会怎么说我都认了就算不能帮我也提前跟他说一声逾期之后再慢慢还负债,1
砂糖橘子果冻橘子果冻美食自制果冻砂糖橘子果冻橘子果冻美食自制果冻,1
就说吧智能手表和迷你版手机差不多智能手表智能手表推荐调音者手表圣诞礼物小红书礼物季插卡手表,4
秋冬一定要喝的八种营养汤营养建康不上火最后一道你一定要试试家常菜神仙吃法我家的家常菜营养汤好喝的营养汤家常营养汤秋冬多喝汤我的宝藏营养汤美食分享,1
为什么没人敢揭穿王冬女扮男装斗罗大陆国漫崛起斗罗大陆绝世唐门,2
为什么很多人喜欢边牧却不愿意养边牧作为智力突出的狗很多人都喜欢但是却不愿意养那是因为养边牧需要付出的精力太大了首先边牧的精力很旺盛每天需要大量的运动量带它出去玩的时间也比较长这对很多人来说就是一个比较大的负担如果你没有太多时间和它玩耍也不能经常带它出去运动的话那么养边牧可能就不太适合了其次边牧是一种很聪明的狗它有很强的自主性和思考能力所以需要很多的训练来让它服从命令要是你没有什么养狗经验也不太懂得如何训练狗那么养边牧可能会让你觉得很头疼还有就是边牧属于长毛犬种掉毛严重一年掉两次一次掉半年主人需要经常打扫家里卫生对于不喜欢收拾狗毛或者本身就有洁癖的人来说养边牧简直就是噩梦综上所述养边牧需要有足够的时间精力以及经验还要不怕麻烦喜欢狗毛如果你符合以上条件就可以考虑养一只边牧不然的话还是不要轻易尝试了边牧狗狗日常智慧父母陪伴孩子边牧日常,1
翡翠绿宝石蓝调大海度假天堂治愈系风景海边度假那是我一直想去的海边旅行旅途中的美景自然风光分享笔记灵感,5
为什么女生讨厌三人友谊今天emo了能安慰我一下吗搬运工玩泥三个人的友谊总有一个人要退出,3
在博洛尼买到贴皮假大理石欺诈消费者继昨天发了北京博洛尼避坑贴后见置顶没想到今天又给我大惊喜惊喜每天虽迟但到几个月前在北京北四环博洛尼推荐的软装商家慕多国际家居订购了一套近2万元原价3万多的大理石餐桌不含餐椅大理石是在慕多国际的东五环红星美凯龙店面当场挑的实物图1纹理和光泽都比较自然销售说这款是天然大理石虽然比较贵但考虑到是开放式餐厨大理石贵点也就算了当场订下图1备注在订单里再见R惊喜来了今早厂家送货直接傻眼石化R石化R颜色纹路完全不对也就罢了八杆子打不着图案还是非常劣质明显打印出来的那种肉眼可见的重影和模糊图23毫不夸张我和老公异口同声这是什么鬼啊黑薯问号R由于在实体店面亲眼看过实物也拍过照为防止我们眼睛出了毛病就想再亲自去红星美凯龙看下那张桌子是个什么情况店里没找到实物店员说可能卖了加上微信后查询了款式事先不知情的店家再次确认我们当时选的那款为天然大理石图4于是我们找来销售反映情况对方居然表示我家订购的是贴皮大理石图5即在表面贴了一层皮模仿大理石纹理哈哈哈哈贴皮二字我们听完真懵了闻所未闻选款到下单期间从未听任何人说过2万买到块劣质贴皮大理石这价格随随便便买天然大理石也绰绰有余再加点儿奢石也能买了真实的被诈骗的感觉找专门做大理石生意的朋友聊天说这是最新的骗术提醒家人们千万多个心眼远离无良商家不行就12315吧叹气R当然了这也是托博洛尼的福合同全是通过博洛尼签的推荐的厂家也基本全部翻车这只是他们推荐的不靠谱厂家之一本想按时间顺序发的没想到今天突然冒出个新鲜的未完市场监督管理装修投诉博洛尼博洛尼全屋定制博洛尼整体家装北京博洛尼boloniBoloniBoloni全屋定制慕多慕多国际慕多国际家居装修避坑装修设计家居软装装修软装搭配家居大理石大理石餐桌天然大理石餐桌装修灵感库,5
一盆纯爱的现在夏天和去年纯爱是我养的比较多的一个品种因为一年中他会以玉色绿色粉色红色黄色的不同变化给到我无限惊喜配土颗粒泥炭较多照灯尼特利与科瑞循环夏天12小时冬天14小时养护夏天干透浇透因为夏天植株半休眠根系吸水能力较弱进入秋冬生长季节则拉长浇水间隔浇水尽量不浇透干不死即可加强光照时长一般情况下纯爱在持续15到25度的温度中会逐渐上色或粉或黄受温度和补光灯光谱影响而变化颜色,4
长大了真好可以一次买一整个毛巾卷自己吃一整个毛巾卷自己一个人炫不用顾忌礼仪好幸福好满足巧克力控毛巾卷毛巾卷蛋糕吃了甜食会开心一人食吃什么,3
淘宝买到假金维权因为有菜鸟裹裹券在淘宝买金当时和大盘价格差不多就买了回来后商家说克实际发了晒图好评补差退了钱因为从来在这种店买过金之前一直在京东几天后还是不放心去金店验果然假货联系商家商家只说有证书放心找淘宝平台平台说商家出具了证书证明真金刚开始淘宝平台说补偿一百我没同意几次后又说补二百还是不同意商家更离谱后来再找她竟然说我调包现在商品还在继续卖12315也举报了几次一直没消息另一家店虽然也是假的但至少同意退货退款但我也没同意这家黄金世家珠宝店肯定是惯犯了先是让申请退差把交易完成让你都无法申请退款太可恶平台更是不予监管,1
我刚学电脑时怎么没人告诉我0基础学ExcelExcel干货电脑办公技巧,5
致敬消防致敬所有逆行者电视剧推荐我的人间烟火名场面致敬消防员,3
同居对象吃饭很没有边界感怎么办还把刚埋完的jiojio搭在饭桌上我家宠物好可爱猫咪日常铲屎官的乐趣,1
为什么每年高考全国不能统一一张试卷人性大实话搞笑段子网友评论笑死人高考搞笑日常专治不开心,2
有哪些让你终身难忘的女同学有些人注定卓尔不群与之为伍让人心旷神怡小红薯薯队长难忘的经历女同學同学学生学生时代,3
我已经发不出声音了先说一下情况最近大概有一周左右早起嗓子有点干有点痰昨天上午话讲的多了点下午直接哑了晚上一夜没睡着感觉比新冠还难受的现在已经完全没声音了整个嗓子肿了的感觉直接废了的感觉有什么办法快点好哭惹R咽喉炎扁桃体发炎急性咽喉炎咽喉肿痛,1
原创壁纸首发时来运转夏日滤镜手机壁纸原创壁纸壁纸Ai绘画每日壁纸壁纸分享高清壁纸,5
周末带孩子参观新买的房子不知道是不是隔离后遗症疫情过后特别希望能给孩子一个上有天下有地的家精挑细选再三权衡买了一套板块好位置好有学区地铁旁有公园交通便利的老破别墅周末兴高采烈故作神秘的带着孩子去看新买的房子打算给他个惊喜偷笑R结果呢惊喜没有惊吓到是不少人家吓的连门都不敢进嘴巴撅得能挂壶了说太吓人了怕有鬼石化R石化R石化R为了不让孩子失望这房子得好好花心思改造了抓狂R抓狂R抓狂R老房改造别墅庭院园林景观别墅庭院装修灵感库育儿日常学区张家浜绿地上海买房好房子看这里疫情别墅装修旧房改造,1
笔记本电脑为什么要插电使用一笔记本电脑为何要插电使用内置电池无法满足高性能需求笔记本电脑作为一种便携的电子设备通常配备了内置电池来供电然而对于一些高性能任务如进行大型软件的运行进行视频编辑或者进行复杂的游戏等内置电池往往无法满足电源供应的需求由于高性能任务需要更多的能量支持内置电池很容易在短时间内耗尽电量导致设备无法正常工作因此为了保证顺畅的运行和稳定的供电插电使用是不可或缺的插电使用可提供稳定电源插电使用可以提供稳定的电源供应确保设备在高性能任务中有足够的能量支持与内置电池相比外部电源适配器可以提供更大的功率输出以满足设备对电源的高需求通过插入电源适配器电脑可以直接从电源插座获取电力避免了电池电量不足带来的不稳定性这样一来用户可以在进行高强度工作时享受到更加流畅和可靠的电力供应避免频繁充电对电池寿命的影响频繁充电是一种常见的使用方式特别是对于经常在外出工作或旅行的人来说然而频繁的充电不仅费时费力而且对电池寿命有一定的影响插电使用可以避免频繁充电带来的不便让用户不必担心电池容量的急剧下降同时通过插电使用电脑也可以减少充电次数从而延长了电池的使用寿命高性能任务需要更大功率支持高性能任务往往需要更大的功率支持以满足设备运行的需求比如进行复杂的三维建模和渲染进行大型游戏的运行等这些任务需要更多的能量来保证设备的高效运行插电使用可以提供更大的功率输出确保设备在高强度工作下获得稳定而充足的电力供应这样一来用户可以在高性能任务中获得更好的性能和体验而不会因为电池能量不足而受限制,1
气温没等来寒冬营业额等来了整个11月我都在纳闷怎么比去年疫情的时候还少人呢其实从九月份开始我就觉得不对劲刚开始每天少个一两百后来就是三四百到了十一月有的时候是去年的三分之二这个时候我就已经开始警觉了调整菜品每天多在店里待多留意点评小红书什么的评价比较周围同行没出现异常一切都和以前一样但事实就是客人一天比一天少讲道理我这个米线店开了大约两年半虽说一直佛系经营但也算得上勤勤恳恳真诚实惠有一定的老客户也能吸引的了新客户那么问题出现在哪是某音上老牌饭店的89块钱四人餐还是麦当劳8块8的麦辣鸡腿堡是一百出头就能畅吃三文鱼和大飞蟹的自助餐还是46块钱一桌子的烧烤啊真卷不动我没有那么多本钱去烧只能尽量稳住心态再观望一下或者只是我一家店坐滑梯了真给我整不会了呢这买卖该怎么干创业,1
不是港迪你忙成这样啊回家整理物品才发现买的一只贝儿居然没解锁可能今天购物的人太多了忙晕了哈哈哈哈香港迪士尼玲娜贝儿,2
软烂入味开胃好吃又下饭土豆炖牛腩产妇坐月子午餐来一道鲜嫩开胃的土豆炖牛腩配米饭超级好吃,1
这下谁还分得清我和马喽马喽进了白云山户外登山徒步爬山吗喽,1
重要的不是礼物是对她的惦记情侣礼物生日礼物闺蜜礼物圣诞节圣诞节礼物,3
糖醋里脊爆款做法我要上热门哈哈哈糖醋里脊美食会所小红书美食小红书美食教程私厨私厨上门做菜跟着小红书学做菜我要上热门帮忙做饭上门做饭懒人美食直播美食达人宝妈炒菜吃货,1
面试官问我吃过最大的苦是什么我沉默了十几秒他帮我回答了没吃过苦是吧你确实挺乐观的失望R啥意思从没遇到过这样的面试唉是不是过不了吖23应届生面试,2
跟着小学生干饭是真快乐呀校门口的美食和小学生抢吃的小吃街头美食校门口小吃,1
550套傾國怨伶開啟簽名模式這是蝴蝶頁謝謝訂書眼睛手術之後其實手機的字我已經看不清楚了沒有電腦版真麻煩,2
螺蛳粉就爱加辣加臭的螺霸王螺蛳粉味道正宗又酸又辣配菜很足太好吃了灵魂宵夜螺蛳粉,5
芋泥大珍珠饱饱碗奶茶火锅双拼的快乐今天分享热乎乎的奶茶火锅还是芋泥奶冻饱饱碗双拼口味自己diy加了很多小料直接用光明大白兔龙井茶风味牛奶做奶冻和茶底超方便关键还是0蔗糖0乳糖低脂肪宅家一起实现奶茶自由吧大珍珠仙草粉和水按比例煮开即可奶冻光明大白兔龙井茶风味牛奶吉利丁片神仙牛奶甜蜜轻享受宝藏牛奶推荐懂联名的风味牛奶下午茶必备网红牛奶茶味牛奶吃了甜食会开心光明大白兔牛奶减脂期轻负担风味奶大珍珠奶冻一起嚯奶茶奶茶火锅,1
大家注意看这是网上特别好的鸡腿新吃法饭店一份要卖128自己在家做成本不到十元焦香酥脆下酒又下饭椒盐鸡排,1
就爱街头热气来云南不可错过的凹槽酸辣粉就爱街头热气100家探店计划昆明探店昆明昆明美食走街串巷找美食昆明小吃,2
一个月提升气血的方法1狠狠睡觉2还阳卧3八段锦4坚持泡脚5拍八虚养生日常喝出好气色中医养生补气血食疗养生养肝补气血这么吃健康养生气血不足女性保养健康饮食健康养生养生泡脚泡澡不如泡脚养生日常,1
不在国外在广州提前过上圣诞节原来这家已经开了10年了每次来都会拍很多照片这次居然提前换上了圣诞主题谁能拒绝飘雪金色圣诞树圣诞橱窗啊出品的话平价好吃份量大一定要点薯仔头黑松露烤鸡双色汉堡就在左下方团购怕找不到可以先收藏还有周边扇子香薰片送真的很适合旅游跨年圣诞来的餐厅已经安利给很多朋友啦土拨薯土拨薯小红书团购广州西餐厅广州约会西餐厅广州平价美食海珠区美食江南西美食推荐本地人推荐的餐厅跟着本地人吃就对了广州美食广州旅游美食广州广州美食广州西餐主题餐厅圣诞圣诞餐厅广州拍照圣诞拍照秘密旅行江南西广州塔小蛮腰新年餐厅倒数广州元旦广州跨年2024,1
没有火鸡的火鸡芝士烤冷面炫我嘴里太好吃了吧特色小吃小吃街头美食街头小吃,4
养鱼就是为了这静怡而舒适的时光生态鱼缸新手养鱼养鱼日记养鱼观赏鱼鱼缸鱼缸造景水草缸古法养鱼,1
床头柜已扔换成了床边桌比床头柜好用太多啦底部带轮子可随意旋转移动面板可以调节上翻能躺着追剧还能放下笔记本电脑小户型我的收纳分享床头柜床边桌子边几可移动边几可移动的边几床边桌我的床头柜高颜值床头柜,4
爱他美奇迹熠系列怎么选超全干货码新手宝妈第一件头疼大事是什么选奶翻遍所有奶粉推荐攻略只想给宝宝最好的爱他美作为妈妈圈里呼声很高的奶粉有很多妈妈说他们家品线太多不是很会选向右R今天我就选了爱他美家超高端线奇迹熠系列给妈妈们测评下先点赞收藏再来看选奶不迷路爱他美奇迹爱他美奇迹蓝罐爱他美奶粉推荐三段奶粉推荐爱他美爱他美奇迹绿罐爱他美奇迹白罐爱他美奇迹熠系列爱他美奇迹好礼,1
33高清壁纸手机壁纸中国风系列充满中国传统特色的爱情适合大多数手机使用原创自制壁纸用心制作谢谢支持商用二次修改转载仅限个人使用礼貌取图请先赞好追踪留言求图谢谢支持,5
我有个朋友缠着我好长时间让我去她家住去她那玩我都拒绝了说不去她就不非要我去然后我就去了结果太尴尬了我明显感觉得到她家人不是太欢迎外客然后就是睡了一晚第二天早上她家人在另一个屋子问她什么时候回学校还是偷摸问的然后那天还得住一晚就那一瞬间我真的我都想赶紧出去哪怕在外面住我本人贼不喜欢去朋友家住再好的朋友我都不会去感觉太麻烦人家了经过这次我在也不去任何人家里了再怎么缠着我我也绝对不去失望R失望R尴尬,1
灵动悠然翡翠诗文勒子翡翠诗文勒子尺寸厘米重40克翡翠吊坠玉石翡翠定制翡翠翡翠挂件,4
4种做泥配方玩泥解压视频史莱姆slime玩泥素材玩泥视频史莱姆手工,2
烤火把自己都烤焦了银渐层直接变金渐层自己给自己涨身价赞R委屈猫猫猫猫表情包英短银渐层冬天就是要烤火,1
洛克希德星座客机LockheedConstellation航空飞机运输机飞行航拍航空摄影,5
姐妹们迪士尼跨年还带门票才899俩人值哭不敢相信迪士尼跨年夜今年真的有点东西全球首个疯狂动物城主题园区将于在上海迪士尼欢乐启城赞R圣诞夜跨年夜疯狂动物城多重buff叠加真的太快乐了派对R双人酒店班车接送讲真可能找不到比这更便宜的双人套piao了呜呜呜是真的香899起享1上海迪士尼成人门张2上海拾光裡酒店住宿两天一晚3班车接送迪士尼4平安夜圣诞节跨年夜等节假日均可使用新增四大街区动物城市中心雨林区冰川镇撒哈拉广场游乐项目热力追踪万众期待的热力追踪项目游客会进去动物城世界和朱迪尼克一起体验无轨骑乘解救夏奇羊Ps这也是迪士尼第一次尝试这个技术并且在排队的时候就有牛局长和豹警官的互动情景尊嘟非常逼真入住体验1交通班车接送迪士尼根本不用考虑交通的问题距离地铁口很近下火车过去很方便2住宿设施设备都很新环境很棒干净卫生主题酒店布置的很少女心女孩子或者小孩都很喜欢3服务前台和服务员也超热情服务很贴心有啥问题都给积极解决4一般都是第一天入住第二天去景区酒店提供行李寄存服务最后附上迪士尼时间表840入园900极速光轮进园就冲不排队920抱抱龙冲天赛车恐高人渗入935胡迪牛仔嘉年华更适合小朋友945旋转蜂蜜罐拍照超好看955小熊维尼历险记小朋友冲1005七个小矮人矿山车不太刺激1035加勒比海盗老人小孩也可以玩1100杰克船长之惊天大冒险提前预约演出40分钟1200独木舟1250旋转木马晚上拍照好看可以后放一放1310雷鸣山漂流提前带雨衣园区贵一丢丢1345小飞侠天空奇遇记需要提前预约演出1400冰雪奇缘然后二刷了极速光轮1545花车提前随便找个靠前的位置1610飞跃地平线这个时间段排队就用了20分钟1700古迹探索营1800晶彩奇航也是比较适合晚上玩1900三刷极速光轮晚上灯开后更好玩2030看烟花秀先录高清视频再截屏图文小旺旺木鸟民宿原创请审核大大不要误判小旺旺木鸟民宿,1
牡丹26年还真能碰上瞎眼帅哥啊去参加闺蜜的婚礼中间出去上了两次洗手间就发现在人群中有一个帅哥又白五官又立体吃完后我跑到主桌那去找我闺蜜讲话聊天我闺蜜就顺便让我坐一下然后那个帅哥吃完饭也要走了过来跟我闺蜜他老公打招呼我偷看两眼跟我闺蜜示意说好帅啊我闺蜜说是她老公的同事我就说不知道有没有女朋友我闺蜜说帮我打听一下然后昨天晚上我闺蜜突然告诉我这是那个男生主动问的激动颤抖的心没想到这种事也会发生在我身上,1
沙县老板已经懂得我的需求了现在卤水也不加了饭也少了鸡腿也给大的给我生菜也多给了皱眉R鸡腿减肥减脂吃这些,1
他说他想出去闯闯回来却和以前判若两人李金帅他说他想出去闯闯,5
微信好友上限是10004已验证几次微信好友上限是10004用消息群发软件检测僵尸非好友ABCD序列前1252个好友检出177个非好友被删率推算出我的10004个微信好友中有14001500个非好友总结被删原因1广告发多了2加了没联系3对方换岗位非HR或者离开广州4没有对方想要的东西所以我经常发日常生活朋友圈目的之一是为了稀释广告要不然被删率更高但发日常生活主要还是想让家人知道我的近况也是为了记录生活及身边的美好今天宅家洗书包换个干净的理发吃份家乡味道的晚餐绕着小区里外走走给爸妈奶奶弟弟朋友打了电话又到满月了团团圆圆阖家安康微笑R微笑R微信好友上限,5
超级马里奥系列每一张图片都能赋予人不一样的心情给人不一样的思考高清壁纸卡通壁纸原创壁纸超级马里奥超级马里奥兄弟惊奇马里奥超级玛丽壁纸每日壁纸每日壁纸壁纸分享iphone壁纸今日壁纸,5
尊么有这么好看的年货挂件尊嘟太好看了年货中国结中国风龙年挂件龙挂件2024过年新年过年送礼过年必备年货清单年货礼盒年货备起来新年布置布置卧室布置新年布置,4
日语口语日语学习日语考研JLPT日语能力考试日语口语日语入门小语种,5
久别重逢破镜重圆喜美小柠频道喜羊羊与灰太狼onlylookatme,1
Ins视频欣赏73来源Mrsemoceans海缸海水缸海洋珊瑚礁造景,5
想让这个草缸尽可能接近原生态那么搭配水草就要特别讲究了记得关注哦优质水族频道优质水族频道水族草缸造景我爱绿植鱼缸造景,1
兔兔我要去我妈妈家啦有大笼子有好吃的双血侏儒兔萌宠兔子我家垂耳兔兔垂耳兔兔兔兔子兔子日常宠物兔侏儒兔,2
我的二胎顺产日记5分钟超快顺产无撕裂生啦生啦生啦宝宝刚好6斤顺产用力只需要5分钟成功做到无侧切无撕裂我的顺产日记顺产生产生产日记怀孕顺产日记,1
立冬之后寒冬将至热气腾腾的火锅便是驱寒至宝辛劳了一天之后家人朋友相聚一堂围炉而聚锅中水沸口中汤暖心中微甜便是人间最好的时节了人生至幸不过一寒冬来临的时候日语学习打卡日语学习日语,1
美少女冬季Q版q版q版人物动漫女生头像q版头像人物插画儿童插画美少女战士原创头像优质头像微信头像动漫分享头像分享女生头像頭像卡通头像小众头像冬季限定可爱头像萌娃头像闺蜜头像插画头像冬天冬季冬季头像简约头像高清头像Ai绘画爱官方官方大大求热门,5
被职业打假人盯上了前天在店里买了一包五块钱的卫龙辣条昨晚上就微信付款那里联系我说过期了让加她微信我看了一下日期果然过期了两天加上微信就想着把商品的钱推给她结果说着说着意思是要赔偿工商局还来检查了说不要私下给她们钱以后还会来找你现在咋办工商要罚款罚款了还能起诉吗起诉了还要给钱吗太难了,1
简笔画花朵简单来个合影画个简笔画简笔画教程宝宝爱画画可爱简笔画一起学画画零基础学画画,5
突然被饭搭子抛弃了该生气吗附后续平时都是4个人一起去吃饭的今天过点了还没人喊吃饭其他同事还问我什么情况我才回头看到他们都不在但是我也只说应该厕所去了后面才知道她们三个人出去吃了说都没和我说一声早说的话我可以点外卖或者和其他同事一起吃的所以我该生气吗聊天记录同事,1
贡菜笋尖无骨鸡爪还有厥根粉好听又好吃吃货薯薯条小助手,4
让人心疼女孩被玷污好心人给她机会重生浪漫生活的记录者玩泥视频玩泥追剧玩泥看剧,2
现在扫雪这么先进了吗起猛了这是在用洗地毯的奶盖机扫雪吗,2
手写壁纸岁月欢喜一步步岁月欢喜一步步成就人间朝与暮浪漫生活的记录者我的书法分享写字是一种生活手写壁纸小楷书法手机壁纸书法手机壁纸今日壁纸手写手写文案惊艳千年的古诗词,5
龙王传说谢邂在线翻车月姐我错了古月的志向是和舞麟永远在一起第5集看点斗罗大陆3龙王传说第三季每周五上午1000爱奇艺优酷腾讯同步播出更新斗罗大陆3龙王传说斗罗大陆龙王传说唐舞麟古月动态漫画唐家三少二次元谢邂,2
耶广州终于也有啦馋了很久的朱光玉终于开了555不用去重庆在广州体育西也能吃上了独栋两层高室内氛围就很有老火锅店感觉选了全红油锅底很够味涮啥都好吃一整页菜品可以看到很多平时没吃过的清炖牛脖骨芋泥香酥鸭把豌豆蹄花汤酱肉包厚切巴掌牛黃喉浸满红油太香了还有还有豌豆尖r桶任吃一次吃爽了甜品也好好吃雪顶咸蛋黄栗子冰红薯冰咸甜口的奶盖栗子和红薯泥都好绵密看到楼下还摆起了个小摊以为去到了重庆街头广州美食广州吃喝玩乐火锅天河区美食本地人爱吃的店周末体育西六运小区朱光玉火锅馆,2
壁纸分享梵高系列金色星云105壁纸梵高星空星空摄影致敬梵高每日壁纸手机壁纸送你好看的手机壁纸唯美壁纸绝美壁纸私藏壁纸iphone壁纸华为壁纸,5
一个草莓loopy是怎样诞生的搞的就是艺术笔记灵感重庆蛋糕loopy蛋糕多巴胺cake薯队长,4
误入仙境原创小红书涨粉唯美意境爱小红书爱官方爱官方推我上热门小红书助手小红书视频号,5
汤姆的周一综合症疲惫的周一仿佛再次被周一综合征魔咒附体眼皮打架全身无力想睡觉又睡不着这时候汤姆猫拟人化了我周一的状态他也是我唯一的救赎他帮我画饼充饥用他的可爱和搞笑让我暂时忘记工作的压力看到他仿佛看到了自己的影子我们都是周一特困户急需一杯咖啡来提神醒脑幸好有汤姆猫的陪伴让我不孤单他的各种憨态可掬的表情和动作都让我忍不住想笑出声来快和我一起来看看汤姆猫的周一状态吧让我们一起在笑声中迎接周二的到来汤姆猫拟人化周一状态疲惫咖啡提神搞笑治愈系画饼充饥,1
税理士考试上岸谈谈这几年考试经验2016年来日本没有学过日语2018年自学进入大学院会计专业本科数学专业所以没有会计基础2019年生娃大学院两年考了薄记2级2020年带娃同时正式备考税理士2020年簿記2021年簿記消费税年底开始上班上班娃备考石化R2022年固定资产税財務修士免除2023年法人税算比较顺利拿下证书税法都是一次过关自认为自己比较擅长计算并不擅长背诵经验总结1找一家合适的机构学习第一年簿記我是自学的但是考试时发现有部分知识点我买的书上没有出现过主要花钱了更有动力萌萌哒R2消费税是我准备最充分的听前辈说这门虽然量没有法人和所得量大但是很难过所以理论书后面的解释以及国税局上的问题解释都过了一遍3不要害怕税法的理论背着背着感觉就有了害羞R4要有必过的决心每年备考我都从1月开始到8月结束法人税的量确实比想象的还要多但是不想明年再来一次可能还要花钱再报班就督促我每天抓紧所有时间备考是真的辛苦希望大家早日脱离苦海福R,1
我家腊排骨每一扇都是视频同款带脆骨的精排发给大家的腊排骨是一整块会切成一小块一小块抽真空发货小九腊肉香肠腊排骨农村特产,1
佛系龙年壁纸金龙送福多图2024龙年祝福语壁纸生亿兴龙祥龙献瑞财旺兼龙龙年发财龙行大运,5
被艾特的人要请你吃冬天第一个草莓蛋糕冬天真的没办法拒绝草莓的一切公主就是要吃草莓蛋糕的草莓蛋糕草莓宝宝辅食饭搭子,1
QS缝纫机物件完工啦历时20天总算完工啦接下来就是裱框开新偷笑R12月当然是属于圣诞的期待下一副成品萌萌哒R萌萌哒R十字绣爱好者打卡十字绣,5
打卡画画第12天今年的冬天会更值得期待可爱简笔画画个简笔画每日绘画打卡手绘临摹有趣的Ai,5
可以剪一辈子的发型真的经典永不过时中长发高原次对于发盛沙美改為场贴的女孩子也大友好了趴中长发大多数女孩都适合的长度关键是这款发型扎起来也很好看适合头发细软的女孩子剪完秒蓬松两侧边缘层次修饰脸型显脸小自然蓬松好打理气质女孩可以搭配八宇刘海偏可爱的女孩子可以搭配法是刘海和漫画刘海小红书创作助手小红书成长笔记小红书创作助手小红书成长笔记,1
我从未觉得孤独说的浪漫些我完全自由时光定格在了2023的初秋地点是在甘孜州的甲根坝日车村置身幽静旷野四周唯有草木与风的对话阳光是温暖的毛毯晒一晒快乐就会发芽我从未觉得孤独说的浪漫些我完全自由户外薯视频薯徒步人定格秋天的方式每周一山此生必徒徒步踏秋地图户外集结计划成都周边游逃离城市计划户外徒步徒步户外被徒步治愈的瞬间我拍到的治愈画面沉浸式电影感浪漫生活记录者氛围感,1
我给小妈开亲情卡赚了十万块因为没有和小妈后爸住在一起后爸会每个月给我二千块的生活费作为生活补贴毕竟我也不是他们亲生的但是后爸比较好给了一个绑定他信用卡的支付宝给我用我日常的一般消费都可以刷他的卡我是跟着小妈靠后爸养的所以小妈和我比较亲后爸也比较喜欢小妈后爸每个月给小妈五万的生活费加信用卡副卡然后小妈让我给她开个亲情卡她网购的话就走情亲卡支付然后她每个月给我返还刷卡的钱因为是后爸还款的所以等于小妈帮我套后爸的钱半年了套了接近十万块了目前存了五万块请问有什么可以建议吗目前放在微信每天两块钱收益之前买过股票亏了几千块不敢搞了,5
讲真女孩子真的要多喝这个我妈一到秋冬就爱喝的红糖姜奶西米露奶香浓郁香甜丝滑很有焦糖奶茶的味道经常熬夜的姐妹可以把奶茶换成它红枣桂圆枸杞红糖对女孩子巨好具体做法看图片真的很简单,1
为什么永住和归化审查越来越慢了从去年以来以关东地区为例永住的审查时间普遍超过了9个月而归化从受付到许可时间也基本超过1年面谈预约超过36个月对于永住和归化的要求越来越高审查也越来越严为什么会越来越慢了先说说永住2023年截止到9月份入管局对于永住的审查已经受理的有34151人其中包括之前受付的30548人以及9月份受付的3603人但是整个9月份审查完毕的人数只有1990人审查的速度永远比不上提交的人数纵观整个2023年每个月的提交人数都在3000人以上8月份甚至在4000人以上而审查处理的最多也不过一个月2000多人递交的人数和审查处理的人数已经脱节这就导致每个月都有大量的挤压而许可的时间一度从前年的46个月去年的68月升级到今年的911个月新提交的到明年可能会更慢抛开入管局本身人手不足的问题以外提交人数的上升和要求的提高也是原因之一总结基本包括以下几点1住民税从之前查3年变成查5年只要有一次住民税滞纳的情况哪怕是一天都有可能不许可2年收不达标的不许可比例很大3年金未纳或滞纳哪怕是一天都有可能不许可再说说归化对于归化来说前2年面谈预约通常都是12个月左右现在基本都要45个月以上6个月以上的也可能而从许可时间来看现在等待1年到1年半以上才许可的不在少数这2年归化申请的人数并没有太大的提高每年基本都在800010000人之间但截止到去年合计许可人数只有7059人为10年内最少人数同样抛开法务局人手不足的问题难度的提高基本属于原因之一总结基本包括以下几点11年期的在留资格不再受付2年收不达标的不再受付或不许可比例很大3日语不达标的不许可比例很大我没有在这里贩卖焦虑以上都是实际的案例和数据所得出的结论人数的增加和要求的提高对于永住和归化的审查可能会逐年越来越慢或者要求越来越高已经有条件可以申请的或者马上可以达到申请条件的一定要提前做好充分的准备日本移民日本归化归化日本归化日本经营管理签证经营管理签证日本入籍永住日本永住,1
现在学打麻将还来得及吗好好磕小金土豆和超模的爱情小说照进现实恋爱综艺爱的修学旅行奚梦瑶何猷君奚梦瑶女明星综艺,2
吃芋泥紫米桶芋泥控们你们又有口福了升级版的芋泥紫米桶来了芋泥芋泥控,1
父母断生活费第34天消费蒸了之前薅羊毛的红薯写的小果实际收到很大一个超级甜比平时买到的普通红薯还甜真的好好吃之前买了没锅还想着怎么处理它现在买了锅真的发现吃东西方便很多还在jd买了鸡蛋后面可以煮鸡蛋吃今天广东又突然变冷比我的心情还无常还好我的厚衣服提前洗了生活费大学生生活费,1
不跟着探店博主吃果然能有惊喜鸡有鸡味鸡油飘香这家城中村88的鸡煲我绝对要二刷路边不起眼但是坐满人的破店果然能有惊喜美食广州探店广州城中村性价比鸡煲美食日记,2
京都秋彩岚山的色彩越来越鲜艳了这个视频是在上周末拍摄的总有人问今年的红叶是早了还是晚了其实我在京都快二十年感觉真的都差不多都是11月底12月初最盛但是也总会有早红的也会有晚落的所以来旅行的不必唏嘘什么时候都能看到好风景就看你能否找对地方京都京都摄影京都生活京都岚山京都旅行岚山京都红叶小米影像生活薯小米,5
跑了几场秋招之后感觉陷入了迷茫本人是浙江双非二本师范高考的时候也就是刚过一本线的样子因为英语比较好就不知死活地报了英语师范可怜R最近跑了两场秋招虽然本来也没有报很大希望因为本科比较摆也就是刚刚达到了部分地区提前批的要求但是对未来突然特别迷茫感觉教师编制太卷了自己根本卷不动研究生更何况未来教师编制还有缩招可怜R但是不去考编制也不知道以后能做什么好像学的专业就把自己钉死在了某个领域因为简历也没有很出彩好像做什么都不合适有种高不成低不就的感觉可怜R整个就是一个大迷茫尤其是还有来自各种亲戚的压力和家里人说了家里人也无法理解自己的压力他们只觉得我太玻璃心感觉做什么都好难好像大家都很优秀就我很摆哭惹R秋招提前批浙江提前批教师招聘教师考编英语,1
合集圈真的有成年人吗原懒懒少女耶耶耶又到周天了派对R喝奶茶R就是作业有点多再见R懒懒少女举个社死der栗子林蒽吃栗子铃铛吃栗子,2
在npy生日收到了礼物我真的哭死准备把生日礼物塞到柜子里给他一个惊喜结果发现了他给我的惊喜哭惹R,3
哭为了跟我玩它连棒棒糖都放弃了松狮修勾我的萌宠棒棒糖假如宠物有内心戏我家宠物好可爱狗狗日常宠物零食宠物的内心os小狗日记,1
厉害了这位家长的观点太新颖了很有趣的说法把孩子当植物养每个小孩都是上天分发下来的种子因为比较随机所以常有不可理解的事情发生接受孩子的个体差异找出适合自己家孩子的方法暗中观察R我是喜团儿妈妈坚持日更育儿知识中派对R主页许多宝藏等你发现赞R赞R孩子教育育儿家庭教育经验分享科学教育科学育儿我有妙招孩子孩子成长教育,1
雷军妥妥的小说爽文男主啊简直人生就开了挂一样雷军最科幻的地方根本不是小米捂脸是他大学一年半学完四年课程大三赚了一百万这是1991年这一年北京市中心房价1200一平雷军小米逆袭成功爽文小说爽文人生励志人生,3
结果出来了咱不开玩笑结果出来了还有四个月就进入小学了规划好的预定路线不出意外这个学校将伴随未来12年的义务教育期间从什么都要学到步入社会都要靠这个学校照顾了自闭症发育迟缓特校特殊教育特殊儿童,5
终于知道了开蚌直播间珠子都喜欢用勺子装除了容器背景不一样都是吃饭时候的顶灯看起来差好多泪奔珠子是自己买的海水akoya做的戒指,1
你见过嘴馋的人能有多馋我弟弟有一年过年我买了三袋瑞士的巧克力球一袋750克我吃了一颗太甜就放冰箱了结果我弟弟晚上打游戏全给吃了那可是四斤多啊,2
第一次吃肠粉感觉好难吃啊味道很淡吃到嘴里过后有一种涩感哭惹Rs是我买的不正宗嘛看别人吃播感觉老香了肠粉,1
学校食堂创意过头把人创死了大学生大学生的日常中国农业大学中国农业大学西校区京城第一食堂六道口第一铁饭勺中国吃饭大学,2
悬疑的电视剧有没有推荐有想法轻松发推荐超好看的电视剧追剧日常,2
他不知道单删人会有提醒吗无语死了同年级不同班的一个同学在大群里加了我然后每次和我说完话就把我删了下次有事情再加回来继续问他是不知道我这边能看到他的删除消息吗鄙视R咋地是怕我也像他一样有破事情找他吗微笑R微笑R炸裂无语,1
小宝宝洗澡能有多丝滑人类幼崽可以多可爱爱洗澡的小宝宝人类幼崽日常宝宝洗澡90后带娃日常晒娃,2
昨天晚上零下3我穿着一件衣服都快把我冻僵了脸都冻红了不过依诺永远都不怕流言蜚语和造谣永远做一个感恩的人回馈粉丝kiss家族未来可期依诺申请加入kiss家族,1
跟饭碗干架呢鲁邦今天不洗碗了跟碗碗打起来了迷惑行为大赏我家宠物好可爱兔子日常侏儒兔萌宠兔子,1
刚出炉的面包好香啊记得配牛奶吃了甜食会开心iphone壁纸面包脑袋面包店手作面包手机壁纸壁纸分享全屏壁纸送你好看的手机壁纸今日壁纸iphone壁纸氛围感壁纸今日份壁纸能量壁纸,5
韩国籍还是中国籍如题江浙沪户口vs韩籍全家都在韩国长居未来没想好去哪工作选哪个啊抓狂R韩籍除了护照还有什么好处吗,1
请全网安利这位宠粉博主每月送不管了立志做全网最宠粉的博主后台收到太多粉丝想抽到手机的信息为了增大粉丝们抽中的概率下血本本月继续送iPhone15为了让大家多多机会抽中啊颜色都是随机发送快递无法送到的地区除外参与方式点击海报左下角立即参与抽奖即视为参与成功之后就是等待通知康康谁是2023年11月的幸运儿参与时间2023年11月30日至2023年12月30日开奖时间2024年1月13日抽奖方式小红书平台系统随机抽取注意事项中奖的宝宝要在7天内及时填写收货信息逾期系统会自动放弃中奖机会哦中奖的宝贝们最后再检查一遍一定要在七天内及时填写收件信息不要因为粗心和大奖擦肩哦粉丝不中奖博主不下岗这次福利把你们都宠个够最后恭祝大家欧皇附体赶快在评论区分享你们的新年计划图片以及新年最想收到的礼物啊说不定被翻牌的就是你粉丝抽奖福利宠粉宠粉福利纽约学长Jay宠粉福利福利免费送抽奖免费抽奖纽约学长JAY纽约学长Jay纽约学长Jay抽奖抽奖预告宠粉福利0元抽奖iphone抽奖送福利啦,5
33高清壁纸手机壁纸中国风系列充满中国传统特色的爱情适合大多数手机使用原创自制壁纸用心制作谢谢支持商用二次修改转载仅限个人使用礼貌取图请先赞好追踪留言求图谢谢支持高清壁纸壁纸仅限个人使用iphone壁纸壁纸分享高级壁纸不定时分享私藏壁纸抽象壁纸手机壁纸雞雞設計的壁纸高清壁纸氛围感壁纸抽象概念的记录者日常碎片一周限时分享充满中国传统特色的爱情中国传统特色爱情心心相印抽象创意深色模式,5
这个法国的孩子惊到我了他坐了十九个小时的大巴从来到所以昨天用汉堡包过渡了一顿后今晚我下厨了炒了四个菜可乐鸡翅干煸四季豆番茄炒蛋清炒西兰花我先每样给他盛了一勺看看能不能吃得惯结果小伙子浅尝一口后直接大口地把整整一碗饭菜吃了个精光此时我们仨人连半碗饭都还没扒进肚我愣了愣试探地问他你吃饱了吗还要添饭不男孩子笑着露出两颗虎牙不没有我还能吃一碗可以吗我老公惊恐R我儿子汗颜R我开始扶墙R后来萌萌哒R萌萌哒R萌萌哒R屁颠儿屁颠儿地赶紧去给娃盛饭又给添了半碗饭他自己铺了半碗菜又是满满一碗冒尖儿很快就又刮干净了真的是用刮的一粒米都没剩虽然我平时会骂老公敲碗像个要饭的此时那勺子不断敲击碗壁的声音实在分外地悦耳真把我这个我家蝉联十几年的饭桶直接看呆了锅里其实还有饭但是我怕孩子积食我没敢再问要不要再来一碗收拾碗碟的时候我看了看盘子里还剩下的三朵西兰花一勺番茄蛋问老公能不能帮忙清个盘省得一口菜还要放冰箱我老公面露难色那娃两眼放光说我能我可以吃吗我说你能我给你泡杯茴香茶等下喝点帮助帮助消化暗中观察R暗中观察R暗中观察R晚上儿子洗完头在我帮他吹干头发的时候他把小脑袋埋进了我的怀里说妈妈你是不是很喜欢Fred啊我看你看着他口水都要流出来了你要知道他这周六就要回法国的你要理智啊你只有我一个孩子唯一的孩子妈妈我爱你失望R失望R失望R失望R失望R我家独子称霸十几年现在竟然有危机感了大笑R大笑R大笑R话说那个孩子家教真的是极好13岁的男孩进门鞋子会摆正起床会叠被子洗漱完会擦干净洗手盆开饭知道等人到齐吃完会表达感谢和赞许并安静地等待不提前离桌甚至会主动跑到厨房帮忙收拾被我请出去好几次这样的娃谁能不喜欢啊虽然没见过他的父母一定也很棒记录美好生活每日分享随手拍今日分享日常碎片家教教养男孩德国生活,1
你们还想听什么歌这评论区打出来吧与音乐的日常音乐分享我的私藏歌单音乐书,4
超级马里奥高清壁纸卡通壁纸原创壁纸壁纸全屏壁纸神仙壁纸可爱壁纸每日壁纸iphone壁纸超级马里奥马里奥,5
楼阁月光沐蓝霭亭畔茉莉撩心怀楼阁月光沐蓝霭亭畔茉莉撩心怀湖边旧椅伴孤影夜深回忆难入眠壁纸分享治愈系风景Ai绘画蓝湖夜话,5
江南烟雨风风雨雨有我和你同舟共济加油江南烟雨治愈系风景下雨天有氧,1
分享开个小海缸的经历爱养鱼的彬哥海缸日记海缸开缸海缸新手开缸,1
玩泥看剧宵夜专属话题迷雾寻椰祈春社团冬日媛椰甜味宵夜祈愿椰,1
我在等等那个阳光开朗洛小熠等那个温柔善良的凯风等那个孤傲正义的东方末等那个活泼灵动的蓝天画等那个聪明沉稳的百诺等那个坚强忠诚的子耀我在等二代回归等他们重新带上斗龙手环回到原本属于他们的位置我相信他们一定会回归我们现在只能等待我相信官方一定会给他们一个完美的结局我相信六大宝贝龙一定会回归斗龙战士,1
来吧不要年轻轻轻的就觉得进入了人生低谷相信自己你还有很大的下降空间,2
面试答题中解决问题例题讲解决问题是一类新题这个题目还有一种答法大家可以评论区留言成功上岸早日上岸国考省考公务员考试面试结构化面试公务员面试事业单位考试,5
四合院整体风格统一的前提下又各自千秋四合院的型制规整十分讲究有房子有院子有大门有二门有游廊有私塾有客厅有影壁有库房有厨房大户人家带有私家园林关上大门自成一统站在四合院中环顾中间舒展廊槛曲折有露有藏四合院的神髓就在于一个合字将一个家庭的所有成员合在一起庭院深深深几许只有在这古老的院落中才能感受到这诗一般的意境传统四合院建筑在变化中体现了和谐平衡以梁和柱构成的间是四合院组成的基本单位间组成了单体建筑单体建筑再组成庭院两个或者两个以上的四合院有构成了多种形式的多进四合院建筑组群所谓的多种形式当然不是等量单体建筑的简单堆砌而是相互之间有呼有应有聚有合有大有小有主有次有东有西有里有外一提起四合院人们往往首先想到那幅立体的标准四合院图实际生活在四合院里远远要比所谓标准的更加丰富多彩因此这种整体的和谐在四合院各个方面都能体现出来一座座由前向后成纵深或向左右延伸发展通过墙廊门院庭巷道的链接围合以广阔而深奥的数量显示东方建筑文化的博大精深总之这种组合是有种有机的整体形成恢宏的气势深邃有律聚而不乱分而不散规整中有变化变化中有秩序有一种群体建筑的和谐与平衡四合院四合院设计建筑施工工程预算效果图中式美学上门测量出方案整体规划设计,5
自己动手装个框吧一点点不成熟的经验算是尝试吧不算翻车给自己积累点经验dim绣布会缩水不知道先将绣布下水再开新品会不会好点下次开新就这么试试受力均衡的侧边夹很重要毕竟我自己手劲不均衡布会歪啊建筑物直接一个危房卡纸开孔尺寸还得自己测量比较保险封面信息有成品画布尺寸得自己校对一下不能偷懒有没有下次装裱也是个问题选框不容易实木画框的支出其实不小绣品cozycove十字绣十字绣装裱十字绣爱好者DIM十字绣,1
哈哈哈一顺百顺冲刺这最后的30多天2023一个即将逝去的过往2024一个充满期待的未来飞吻R飞吻R一顺百顺事事皆顺接下来的日子都会变得更好自拍R搞的就是艺术笔记灵感设计壁纸国考艺术书法海报设计头像朋友圈字体设计手机壁纸,5
一年的国际学校家长会都聊些什么vlog国际学校家长会,1
芋门集合重庆奶呼呼的奶豆腐巨好吃吃了甜食会开心甜品吃冰奶豆腐路边摊宝宝辅食,1
住在东京终于感觉到一点点幸福了虽然税金是全国最高但是福利也是最好的吧笑哭R日本东京s生活碎片,1
古人笔下的大彻大悟你读懂哪一层古人的至高境界快来看看你在哪一重愿余生二分看透三分释怀五分爱自己且停且忘且随风且行且看且从容浪漫生活的记录者心灵成长惊艳到你的句子惊艳千年的古诗词文字的力量茶生活国学智慧读书,5
呆住了但还是会配合妈妈握手太可爱噜人类幼崽日常天使宝宝人类幼崽成长计划人类幼崽可以多可爱大眼萌娃大眼睛宝宝用小红书记录宝宝成长,1
发工资第一步你会干啥大家发工资第一步都干啥啊我先来发工资第一件事吃吃吃喝喝喝你们都做些什么呢发工资了工资拒绝焦虑拒绝内耗,1
文章好笑程度评论区好笑程度博主学到了黄金薯R热评网友是立即执行不是瞬间执行石化R热评网友照你的理解缓刑就是缓一缓再死呗黑薯问号R热评网友你能推动中国法制进展doge,2
第一次知道南北方人的饭量差距那么大南方孩子一顿吃20个饺子妈妈担心他吃撑着了北方孩子一顿吃20个饺子妈妈担心他饿着南北方饭量差距相差居然那么大难怪大多数北方人又高又壮南北差距饮食差异饭量干饭人,1
酸菜鱼七星级大厨都不会告诉你鱼的十种做法最后一道好吃的舔手指,5
广州地铁你好贵啊啊啊啊啊啊那个两块钱是公交微笑R每次坐广州地铁就会一个广州琼b发出尖锐爆鸣声广州地铁你神经吧我九五折呢我六折呢你是来抢钱的吗不是你凭什么全广州就我一个琼b,2
鬼屋梵高丨iPad壁纸丨平板壁纸编号原图壁纸数量共10张iPad电脑及其它平板尺寸原图尺寸iPad尺寸电脑其它平板尺寸原创壁纸丨已登版权丨禁止商用丨请勿转载送你好看的手机壁纸鬼屋哥特风星夜抽象线条抽象抽象艺术梵高梵高壁纸致敬梵高抽象壁纸锁屏壁纸壁纸每日壁纸全屏壁纸笔记灵感高清壁纸手机壁纸iPad壁纸电脑壁纸电脑桌面壁纸平板壁纸,5
高清壁纸水族箱里有什么原创高清壁纸安卓苹果通用高分辨率喜欢的小伙伴每日壁纸手机壁纸壁纸高清壁纸全屏壁纸神仙壁纸壁纸分享iphone壁纸每一帧都是壁纸送你好看的手机壁纸,5
打工人别忘了12月申报个税专项附加扣除所有打工人看过来2023年最后一个月最重要的事情之一申报个人所得税专项附加扣除开始啦申报完成后次年可进行退税目前个人所得税首页已经更新大家可以申报2024年专项附加扣除信息流程1打开个人所得税2填写专项附加扣除填报一共有七项大家可以看看哪个合适自己个人所得税专项附加扣除项目包括子女教育继续教育大病医疗住房贷款利息住房租金赡养老人婴幼儿照护七项温馨提醒尽量在每年12月1日至31日对次年享受专项附加扣除的内容进行确认如果之前填报有误也可以点击去填报重新如实填报专项附加扣除信息五险一金个税退税个税申报个税专项扣除,5
这样做的鲫鱼汤汤鲜味美不用担心卡到鱼刺啦这样做的鲫鱼汤汤鲜味美不用担心卡到鱼刺啦,1
如何在纽约小公寓给20个人煮感恩节大餐纽约煮饭混血外国人感恩节,2
究竟是谁在读这个学校啊每天打工路过这个学校一个学生都见不到是我上班太晚了吗国际学校贵族打工人打工人日常,1
这么好听的踏山河你听过吗用一张照片开启冬天的故事浪漫生活的记录者热门歌曲笔记灵感推荐超好听的歌曲歌曲歌曲分享小众歌曲推荐改编歌曲歌曲翻唱国风歌曲推荐私藏宝藏歌曲古风歌曲推荐洗脑歌曲宝藏音乐与音乐的日常音乐现场国风音乐治愈系音乐踏山河翻唱踏山河卡点踏山河DJ版,5
惬意的午后阳光之下温馨治愈满眼绿意盎然室外设计躺椅花卉绿植绿植温馨小窝治愈系绿色系阳光之下阳光是最好的滤镜家居作者俱乐部欢迎来到我的家家居薯记录美好生活艾特你想艾特的人,4
森贝儿森贝儿家族SylvanianFamilies森贝儿家族,4
Mido香芋味麻点草莓奶酪手作球奶酪底下是粘粘所以垫纸就不拿出来啦方便大家分装玩会送替换袋,1
你知道这个游戏叫什么名字吗怀旧游戏童年满满的童年回忆怀旧童年怀旧游戏游戏游戏分享经典游戏fc游戏8090经典怀旧,4
这个世界很公平要得到就要学会坚持和付出如果一帆风顺太难那就乘风破浪加油吧我的女孩,3
黑客我知道你所有的密码我求求你告诉我黑客我知道你所有的密码我求求你告诉我搞笑段子搞笑幽默搞笑日常搞笑搞笑的日常沙雕搞笑搞笑女朋友圈搞笑文案,2
北京顺义一百多栋荒废的别墅这片别墅位于顺义的马坡在通顺路和右堤路中问搜枫桥别墅导航可以到别墅区的面积不小里面都是独栋别墅粗略估计了一下得有一百多栋基础建设完工可惜不知道为什么烂尾了据了解荒废近20多年无人居住非常适合拍照别问怎么进去的问就是飞进去的照片手机拍摄2023年12月摄影废墟户外探险探险,5
这样较真对吗如图小区妈妈群里经常有卖东西的我也经常买今天就买了豆腐和苹果苹果到货确实不错很大一个我预定的五斤三十块钱价格也能接受还没吃不知道味道怎么样有好几个邻居也买了我闲着没事数了一下七个苹果再用厨房秤称苹果用一层塑料膜包再加一个网套再装进一个购物塑料袋里的我很认真地带着包装一个一个称再用手机计算器加了以后一共有2473克离五斤不算差很多我也没想着找老板理论这点误差也正常不过了但是我看了卖苹果的老板发了这么一个信息心里就不舒服了非要把事实说出来不可否认不痛快看来还是格局小了笑哭Rg各位看官我是不是小题大作了呢,5
抓住睡前10分钟睡觉也能变好看赶紧叫上你闺蜜一起来躺着变美越睡越美女生必看变美学生党,1
喂你的平板落在姬姐这儿了姬姐这有两台全新平板是哪2位茶友的呀派对R派对R还剩最后7天马上kai山东霸王茶姬CHAGEE茶式新生活华为平板,4
财气噗噗的宝宝好名字改名字女孩起名宝宝起名宝宝取名字起名改名起名字宝宝取名取名字名字取名男孩起名新生儿孕晚期起名取名,5
还有4小时到长沙求推荐听劝谢谢各位长沙好心人长沙好吃的好喝的来点,5
妈你是真的不打算回家了嘛我的婆婆从大连出发去南美后到现在都没有回家要不是她经常在家族群里发照片我们真的以为她被拐卖了捂脸R今早上她又发图了吃上了奇奇怪怪的美味这真的是一个60岁的老太太嘛其实刚跟我老公认识的时候他就告诉我他妈妈很喜欢旅游已经去过20国家了除了欧洲是他陪着的基本上都是自己和小姐妹穷游当时我就觉得这敢情好啊我也喜欢玩儿也去过不少地方这下应该和未来婆婆有共同话题了萌萌哒R第一次去他家的时候我就看到冰箱上贴满了各国冰箱贴巧了我家也有于是我们就从旅游开始聊起但是聊着聊着我发现我跟她根本不是一个量级的我就是普通的游客玩儿法浅尝辄止她是像探险家一样的深度游举个例子大概2012年的时候她看到动物世界上演非洲动物大迁徙瞬间上头也要去实地看结果就自己报了个团只身去了一去就是一个多月我意识到这个女人不简单未来可不好对付我跟我老公是2020年结婚的一直到2023初的这段日子我婆婆都还比较消停期间也只是去过新疆一个月但是今年5月开始她就按耐不住了五一去了大同然后直接就去了中亚开启五国游大概一个月后回家我以为今年旅游也就到此为止了结果她又订了去南美本以为也差不多一个月就能回家了结果到现在刚进入秘鲁我跟我老公深刻怀疑她得跨完年才回家失望R真的太羡慕了什么时候轮到我过这种日子啊哭惹R哭惹R哭惹R,1
推荐讯飞键盘第11期推荐讯飞键盘第11期之投稿篇投稿懒猫日记懒猫日记讯飞输入法键盘推荐爱官方别限流,4
来佛山这条小路记得空腹啊白燕花鸟市场旁的走鬼档好热闹好多野食佛山佛山小吃佛山打卡,1
穷鬼套餐消失了麦当劳的穷鬼套餐怎么没有了最喜欢那个汉堡啦有没有推荐什么好吃的每天都有一点点不知道吃什么嘿嘿害羞R麦当劳穷鬼套餐吃什么今天吃什麼,1
Ecco冬季新款越野系列4045到货码物美价美更多信息参考视频解析,4
好喜欢这个小巷入眼尽是诗意踏入便是烟火你愿意生活在这样的地方吗,5
午夜迷藏纯牛奶恐怖故事捉迷藏恐怖故事薯队长小红书创作助手爱官方别限流,1
这辈子没见过周杰伦这个票价咱就是说谁能想到周杰伦有一天在摩天轮上能半价一开始我以为是我算错了拿着计算器算了半天汇率不是这价钱去泰国太值了吧现在泰国落地签而且泰国旅游胜地在加上左买买右买买怎么也不亏啊周杰伦演唱会周杰伦演唱会周杰伦嘉年华演唱会笔记灵感东南亚旅行懒人包曼谷生活在曼谷曼谷旅行薯队长生活薯薯条小助手摩天轮票务,2
一锅吃到爽家庭版鸡公煲真的嘎嘎香肉嫩味足麻辣鲜香的家庭鸡公煲谁能不爱了自己在家做放满满的配菜一锅吃到爽真的太满足了星R食材鸡腿土豆丸子星R做法一R4个鸡腿切块加盐鸡精1勺料酒1勺生抽1勺老抽1勺蚝油抓匀腌制1小时二R爆香姜葱蒜加入鸡腿炒香下火锅底料加啤酒适量水焖15分钟加入配菜焖煮10分钟加青椒洋葱加泡面煮3分钟即可鸡公煲鸡公煲做法,1
小猪佩奇搞笑配音视频搞笑配音小猪佩奇小猪佩奇搞笑配音沙雕搞笑搞笑日常,2
迷你苹果削皮器沉浸式可爱我的玩具分享大人也要玩玩具迷你食玩微缩rement治愈,4
日语词汇日语学习日语考研JLPT日语能力考试日语单词日语入门日语口语小语种,4
后续长记性了关于我在某平台卖二手苹果13后续谢谢大家给我评论出主意钱没有要回来也是怪自己操作失误也给自己长记性别少脑子我先是私信买家买家不理会后面找到平台客服客服也没有联系到买家小法庭也没有用举报也不成功后来像客服申请信息纰漏客服说要法院或者警局的协查函才可以给信息披露报警之后警察说这并非诈骗买家没有诱导我操作什么不能立案并且协查函只有刑事案件才可以由上级批准后面我又去法院法院说要基本信息才能立案立案后才能有协查函我把情况给平台客服反馈平台客服说不可以必须要协查函才能披露这相互矛盾没有协查函不给我披露信息没有信息不能立案就没有协查函后面我又去派出所开了报案证明发给客服客服说不行要不就联系当地网安要不就出示协查函然后我又咨询了律师律师说可以要回但是律师费也差不多这个价格没有意义,5
免烤箱珍珠奶茶芝士挞搅搅就能成功可以嚼着吃的珍珠奶茶浓郁的伯爵红茶芝士香酥的可可挞Q弹的珍珠多重口感敲好吃做法简单奶茶控一定要试试准备材料奶油奶酪100克细砂糖30克温牛奶40克红茶末4克吉利丁片5克淡奶油50克做法1温牛奶红茶末泡软的吉利丁片混合均匀2奶油奶酪细砂糖混合均匀倒入红茶牛奶液搅拌均匀淡奶油打发至浓稠倒入奶酪糊中混合均匀3挞壳中放适量煮好的珍珠挤入奶酪糊冰箱冷藏2个小时表面再用珍珠装饰小红书爆款美食宅家美食日记在家做甜品免烤箱甜品甜品烘焙秘方小红书视频号吃货薯,1
这放在全国都很炸裂宝宝辅食炸裂饭搭子全球吃喝小分队我的周末生活实录,1
盛鹤年画笔下的三国演义无法超越的经典趣味历史知识中国传统文化三国三国演义三国志连环画,5
小鞠会扭腰蜜橘的魂会飘正主鞠婧祎祎桉念鞠池曦姩潇祎吟茵茵桉曦闺蜜桉姩夫妇,2
推荐甜妹音乐芄梦专属芄梦甜品屋望火芄梦芄梦专话爱官方官方大大求热门爱官方官方大大求热门没流量啦我爱官方大大求流量希望能火呐aaa爱小毛给我流量吸吸,5
超级好吃的肠粉你们吃的肠粉什么样既能减肥又能解馋请叫我肠粉姐黄金薯R黄金薯R黄金薯R小基数减肥,4
十二月日历壁纸真快又一年过完了粉丝宝宝要求的浅色版本图四图五自取用一张照片开启冬天的故事笔记灵感原创壁纸iphone壁纸天儿的壁纸日历壁纸壁纸分享十二月日历壁纸十二月壁纸手机壁纸圣诞壁纸冬日壁纸天儿呀,5
手机壁纸好运壁纸自取哈姓氏手机壁纸Ai绘画壁纸手机壁纸送你好看的手机壁纸可爱壁纸高清壁纸每日壁纸,5
在户外野营我拒绝了陌生人的蹭凉今天天气好去户外搭帐篷周围都是帐篷天幕氛围都不错吹着微风聊着天正在快快乐乐的煮番茄鸡蛋面的时候刚好有几个徒步的人经过其中一个人跑过来我的天幕帐篷里说这里阴凉一点蹭一下直接坐下来后才问能不能坐我们虽然不想有陌生人但都坐下来了不好拒绝就说可以反正只有一个人也不会太打扰我们结果又来了一群人和这个人是认识的一起坐到了我的天幕阴凉的地方里然后开始不停的说话本来阴凉的范围就很少他们就坐在离我们一个座位的位置一直在聊天我和家属的好心情都没有了满耳都是他们讨论徒步的事情作为i人只想两个人安安静静呆着只能努力说服自己忍一下吧估计很快走了也不好意思赶他们走到后面真的越来越吵家属还想保留一点体面但我不想忍了做足心理斗争鼓起勇气和他们说您好你们坐一个人可以这样一群人在这里聊天太吵了我们想安静一点然后他们就识趣得离开了真的其实只要鼓足勇气拒绝很简单的说完后我感觉太爽了当你感受到不舒服的时候直接说出来就好不要自己内耗有些体面没必要最后想说户外露营还是很舒服的尤其带个充气沙发躺一天都可以远离工作的烦恼,1
羊肉汤这么做真是太鲜嫩了冬天暖暖胃吧这个是我媳妇常给我做的汤我没事就点菜大家可以试一试哟羊肉汤菜谱汤教你做道拿手菜美食日常,1
ks的视频懒得改了爱官方官方大大求热门没流量啦我爱官方大大求流量手账控甜桃恋椿收纳整理,5
mybellyisgettingbigger妊娠纹孕妈妈,1
这个菜真下饭这个配方用好几年年了姐妹们放心用每年腌的亲戚朋友都特别喜欢吃在家做美食腌辣椒,1
想看看普通人素颜的样子原相机版感觉现在美女真的好多本00后真的一点都不精致不化妆就是一整个大糙脸化了妆更显老好奇姐妹们素颜都是什么样子怎么拥有又白又嫩的皮肤啊容貌焦虑00后变美大数据,1
绝绝子苹果手机真的太懂用户啦绝了苹果手机如何一键录音保留证据呢跟着嘉阳设置起来吧新生数码问题求助数码街区由我造苹果手机iPhone手机分享数码达人成长计划數碼達人成長計劃家居薯数码薯薯条小助手视频薯小红书创作助手小红书创作学院小红书视频号数码大玩家,4
百日宴上小孩问我要可乐我拒绝了定制的百日宴可乐其中三瓶是宝宝的名字我和老公特地留好自己喝同桌吃饭的小朋友12岁左右想要我手中的可乐当时所有的可乐已经分完了我说因为有宝宝的名字所以瓶子不可以给你但可以给你倒一杯然后他就生气了笑哭R用了一包小兔子饼干才哄好笑哭R我这样处理会不会显得太小气贴上就是桂花味宝宝宴布置百日宴,1
闺蜜伽伽用一张图形容秋天沈愉婷沈愉婷专属话题爱官方官方大大求热门没流量啦闺蜜伽,2
十元一份贵吗特色小吃街头美食街头小吃集结吧光合创作者草稞美食日常,1
和姐妹一起穿水手服JK女孩出没我的JK日常JK日常jk穿搭jk制服,1
怎么拒绝比较礼貌10月末刚交完一个季度的房租下次交房租应该是1月份北京出租房北京房租租房改造房东拒绝,1
蓝钻龙猫睡着觉可以随意摸的毛茸茸它叫噗噗爬着侧睡它的最爱可爱就点个小赞,1
我去这真的只有女生才会懂1双手扶墙双脚后移后背向下压屁股往上翘坚持15秒做3组2合掌反手向后弯腰触碰墙面坚持30秒重复35次3双手抱头向上滑动重复5次每天抽出3分钟来练习可别把我丢进收藏夹里吃灰噢偷笑R偷笑R偷笑R本文知识点均来自专业文献和日常生活经验已被证实不是伪科普不是伪科学效果因人而异仅为个人知识分享不涉及医疗建议绝对不含任何商业推广如有不适请线下就医审核员请勿误判不懂就问有问必答趣味知识科普笔记灵感女生必看女生我的日常体态体态调整体态改善气质美女气质驼背改善圆肩驼背圆肩驼背变美变美逆袭这算不算逆袭逆袭小仙女,5
石头还是云鲸求无广真实推荐双十一哪个途径最划算呀扫地机器人云鲸扫地机器人石头扫地机器人,4
插画一组洛克人x圣斗士北欧篇神斗士插画卡通插画分享动画动漫漫画二次元游戏圣斗士圣斗士星矢后80后北欧,2
在重庆吃过坠惊艳的烤苕皮笔记灵感街头小吃我的美食日记重庆美食重庆烧烤我最爱的路边摊烤苕皮,1
难道鱼儿也喜欢拍照我一拿起手机它们就蜂拥而至呲牙再配上一首神曲,1
真的很像一只被丢在马路上的小玩偶啊去年的这个时候他竟然那么小一只呆呆蠢蠢的一个,1
父母的一句家里没钱让孩子童年背负着亏欠大多数孩子的童年都听过父母说的这几句话你想买xx你看我像不像xx我们都已经辛苦供你读书了你为什么就不能懂点事如果当初不是为了你现在也不会过的这么拮据我们省吃俭用让你上学你不好好学习怎么对得起我们对小孩子来说没有穷和富的概念他们只会感觉当自己想要一件东西时带来的是父母的责备和懊恼从而引申到自己身上怀疑是自己让父母变得拮据愧疚感随之伴随整个童年哭穷和穷本质上是两种概念穷是一种客观现实倘若父母能够在面对孩子索要超出家庭负担的东西时诚实告知家里现有的情况无法满足这是一种让孩子正确认识家庭情况的正确引导反观哭穷却带了一丝坏情绪的宣泄是把我对你的付出和家里穷的现状二者结合之下的夸张化试图通过将孩子的索取和家庭状况不好二者划上等号正如张踩玲所说这是一种对自己人生沮丧之下的情绪发泄又有什么资格因为自己人生的不满意而去责怪面前的那个小孩爱不是伤害孩子也没有过错正确且有效的沟通才是真正的教育穷只是一时但伤害是一辈子愿长大后的你能治愈那个儿时的你成长三观家庭教育经验分享哭穷式教育父母与孩子成长童年阴影治愈自己张踩铃自我成长,1
本来都没觉得有什么好笑的和普通话比起来粤语笑死我了哈哈哈哈,5
日语短文阅读那家店吃货的最高境界私毎日電車会社行電車乗窓色景色見道歩人店見楽毎日見店中何店分店一店右喫茶店左屋店上文字書電車店間木全部読読文字二何店名前食物毎日電車乗考焼好焼鯛焼焼芋焼鳥焼肉考腹空何店知店行行食日语日语学习打卡日语学习学日语日语入门日语口语日语阅读日语自学日语日语听力日语入门日语语法,5
闺蜜一起迎接女宝宝的到来她怀孕我也怀孕他生男宝后就到我生女宝同一个年份一起怀孕生宝宝缘分这个东西真奇妙有没有一个闺蜜从怀孕到宝宝出生都一直在你身边呢我可以的大声的说我有哦一起接好孕怀孕兔宝宝女宝宝闺蜜闺蜜一起怀孕接好孕,1
预感明天周二会有你期待已久的信息留學留学生国外生活留学遇见美好生活就该有所期待积极心理暗示永远相信美好的事情即将发生拒绝焦虑,1
上期答案因为千千已经20天没洗脚了把山羊给臭晕了我爱看动漫爱看动漫的,5
可不能吵醒他的小乌龟睡觉不知道谁又吃醋了doge爱官方别限流汪汪队汪汪队毛毛汪汪队天天汪汪队阿奇崽姐帅死班主任笨笨小萱,5
太阳都晒到小屁股了还不起床上学吗东南面的早晨入冬后整个阳光都能从落地窗照到床上真的太舒服了这个幼崽又是上学迟到的一天他人卷任他卷我独行自有快乐你们呢在育娃的过程中卷吗人类幼崽日常上学记录生活浪漫生活的记录者人类幼崽有多可爱,1
Alleyesonmealleyesonme浅跳一下井小惜,1
圣诞节这样穿简直不要太好看今天穿什么香日常每日分享我的日常身材显瘦穿搭小个子女生的穿搭法则每日穿搭微胖女生穿搭圣诞节日穿搭铃铛我的随手拍日常拍照,1
是不是你梦想中苔藓工作室的样子苔藓微景观绿植梦想工作室生态缸,1
深圳18家会反复去吃的美食附地址100家探店计划深圳美食深圳吃喝玩乐美食我的美食日记美食分享美食日常美食合集深圳美食合集美食攻略城中村美食福田美食南山美食罗湖美食街头小吃,4
关于我花在阿勒泰跟团玩了6天你或许知道新疆的绿草如茵的夏季或许见过新疆层林尽染的秋季但你是否见过新疆银装素裹的冬季呢晶莹剔透的雾凇挂在树枝上千里冰封的赛里木湖山水同色的喀纳斯一间间木屋在雪中伫立着不管是看山还是看水都是纯白每当日出或日落太阳的金光散在白雪之中瞬间就变成金色的海洋非常夺目冬天来新疆旅游有一个致命吐舌头H的优势省钱相对于其他季节冬季的机票住宿费等都要便宜很多北京到乌鲁木齐机票费用相比旺季两三千冬季几百块可以搞定酒店也都是按照淡季的价格还不用担心订不上房春节除外出行准备天气阵雪多云天气平均气温1030鞋子一定要防滑建议雪地靴马丁靴或户外靴保暖又防滑厚衣物速干衣羊毛衫卫衣秋衣秋裤抓绒外套羽绒服滑雪裤配饰保暖口罩帽子耳罩可触屏手套围巾别忘了墨镜羊毛护膝发热鞋垫分享一个北疆阿勒泰经典行程时间短轻松不赶路性价比高乌鲁木齐冬游天山天池火车卧铺住火车上北屯阿勒泰接喀纳斯雪蘑菇水墨三湾住喀纳斯景区雪景小木屋喀纳斯禾木国际粉雪滑雪体验雪岭雾凇湖边漫步住禾木景区雪景小木屋禾木日出晨雾观景台北屯阿勒泰火车卧铺返回乌鲁木齐住火车上早上抵达乌鲁木齐结束赞R美食日常新疆冬季寒假新疆旅游攻略寒假冬日旅行计划,2
啊啊啊啊啊啊太好笑了怎么看上去不太聪明宝宝你是一只圆圆小猪龙猫龙猫日常,2
00后开店两年终于赚到了第一个店里菜品都是我们用心研发的因为我想通过食物来表达我的内心世界我想建造一个自己的世界和他人产生链接因为我觉得爱用事物来表达最为直接其实开家小店一直是我的梦想所以我非常非常用心的去经营它开店两年多时间在梦想和现实之间我也慢慢找到了属于我的平衡点也取得了一点小小成就每天都很充实很开心也真的很喜欢我现在的生活,1
清蒸鲈鱼以后做清蒸鲈鱼只要掌握两个步骤做出来肉质鲜嫩无腥味大小朋友非常喜欢清蒸鲈鱼,1
2024龙年发财壁纸财神爱我宠粉回稿夏日滤镜姓氏壁纸壁纸手机壁纸Ai绘画每日壁纸送你好看的手机壁纸壁纸分享发财姓氏手机壁纸小财神小红书创作助手,5
快哄哄它吧我们的唐老鸭又生气了膨胀手机壁纸高清壁纸手机壁纸唐老鸭迪士尼壁纸高清壁纸全屏壁纸卡通壁纸可爱壁纸膨胀壁纸锁屏壁纸,5
上班能给人带来多大的改变搞笑日常沙雕沙雕搞笑上班改变自己不想上班搞笑打工人打工人日常打工人精神状态卑微打工仔卑微打工人应届生应届生找工作整顿职场,1
入坑一生黑的博洛尼希望不要失望对比了几家全屋定制一进博洛尼真的就出不来了质感设计方面都是挺喜欢的目前来说服务还是挺好不知道后期交付会不会让我失望了这边当地口碑还不错的一个定制了价格贵是真的贵服务前期好是真的好就是看后期了安静等待有经验的姐妹求支招有什么细节需要注意的博洛尼全屋定制全屋定制全屋定制避坑,4
窄缸也能出好效果1303650这个尺寸能做到这样也属实不容易,1
这教练离了个大谱啊家人们我以为自己足够细节了没想到教练比我更细眼这么尖不进厂干个针线活可惜咯doge不过这套hiit真的蛮累的感兴趣的姐妹可以做下试试我练完手表显示消耗快400大卡呢见人不如健身大基数减肥又该减肥了私教健身教练减肥打卡自律放纵餐抑制食欲宝宝辅食搞笑日常八百个心眼子,1
白人的ins永远都有着无法匹及的chill感不会管你的表情也不会让你p也不管照片清楚不清楚也不管你在干什么换来的国外美感之前我男朋友看到我在p图他就好奇的问我为什么要这样natural美更美我说不p图就像没有穿衣服后面我帮他把衣服上的污渍p掉他说他fallinlovewith醒图了笑哭R以及我每次喝醉了在club跟朋友合照第二天醒来nv看到ins官方号里面的完全没有p的图简直社死啊啊啊p图ins文化差异国外男友deeptalkdate情侣日常,1
在北京吹爆这个无须创收的海关博物馆预约VX公众号可提前免费预约凭身份证进入时间900至16001600停止入馆周一闭馆如果大家有时间可以上午来每天上午10点提供免费讲解可以去服务台询问哦交通地铁一号线和二号线建国门站C口出游览顺序第一部分在二楼主要是一些史料记载第二部分在一楼是一些现代海关的缴获走私物品标本非常震撼还有一些互赠礼品也很精美楼下是抗美援朝专题展览这里有很多免费的盖章集章小伙伴的福音海关902艇专题展示小tips进入展馆可以问工作人员要纸质票馆内有盖章全部免费而且馆内也没有周边这样一个到处免费且不创收的展馆在北京显的格格不入入口也有热水房卫生间提供卫生纸北京北京周末去哪儿中国海关博物馆免费遛娃好去处,4
还没告诉女友知道这消息四天了dogedogedogedoge备好了三套房先提一辆车哭惹R哭惹R哭惹R集美求助男人房提车认亲,3
治愈系插画Al插面治愈系风景我和Al有画说治愈系插画速涂治愈艺术艺术展览周未去哪儿,2
见识了我活着的意义就是告诉大家连着4天喝酒到凌晨3点早上准时上课下午上班到10点也不会死,1
顺德麦当劳30周年展地点顺德北滘和美术馆时间12月10日止可以微信搜麦当劳小程序提前预约没号了可以当天下午1330到和美术馆取号排队进场数量有限先到先得整个展览场地不大分为一楼二楼和外场一楼有多个打卡点入场的麦门BFF字牌BFF墙展麦当劳叔叔合照点童年滑梯得来速大头贴每个打卡点都可以集印章集章卡和门票放在一起二楼有留言墙照片打印机外场是McCAfe咖啡车购买一杯饮品即可得周边小帆布袋一个两杯得大手机袋一个有McCafe咖啡圣诞树麦门秋千12月3日下午1500还有麦当劳四大经典ip登场表演派发礼物合照等不知道后面还会不会有打卡建议一楼得来速大头贴和二楼拍立得照片打印是最最热门的拿到门票麻烦立刻即刻前往排队人真的很多很多排队一小时起步这两个地方都是可以拿到实际的东西完成了再去其他打卡点拍照这时候人也少了拍照更好看展馆旁边还是北滘新晋年轻人聚集地ALSO艺术气息浓厚还有巨多活动目前正在举行狗狗镇活动狗狗的交朋友胜地还有超多宠物用品快和你的BFF去体验一下吧打卡看展佛山顺德麦当劳麦当劳BFF和美术馆ALSO,1
两件泳衣都想要咋办那就选出更好看的一件芭比女童泳衣也太可爱了三件套都有不同穿法孩子玩水家长更放心呢可惜只能选出一件你们快投票帮忙选选吧儿童泳衣泳衣时间到女童泳衣泳衣推荐,1
英语渣妈天逆袭挑战用100天逆袭挑战亲子日常口语今日学习tips教孩子认识图形的时候我们可以从图形的顶点边面等方面着手日常场景亲子口语亲子教育英语英语口语每日英语口语学习英语学习打卡零基础英语,5
很难想象这是上个世纪的动画精神状态领先我二十年里面的思想观念放到现在也不过时配音的语速不快和发音标准很适合练听力自拍R大大方方做自己美剧拽妹黛薇儿,5
2024年新年壁纸1²⁰²⁴₀₁₀₁咔𝟮𝟬𝟮𝟯杀青啦请坚持热爱奔赴下一场山海2₂₀₂₄₀₁₀₁新的一年奔赴所喜所爱3²⁰²³是新年是新的开始4𝟐𝟎𝟐𝟑𝟐𝟎𝟐𝟒在一个普通的周六和2023说再见5平安喜乐,5
唯一缺点广州只有一家藏在万菱汇的日漫小食堂我真的太太太爱了又精致又好吃每次都能治yu到我哭惹R团购人jun才70在广州真的没有对手抹茶提拉米苏抹门都给我冲这个绿盒子口感细腻丝滑抹茶味超浓郁北海道汤咖喱一整个大鸡腿记得趁热吃外皮酥脆里面滑嫩咖喱汤jujuju下饭脆皮寿司taco比巴掌还大的日式寿司taco分量真的超足啊啊啊zui爱照烧鳗鱼和焦糖蟹柳一口咬下去太满足了还有泡菜火锅百味天妇罗和奶香咖喱乌冬都好好吃真的每次点的菜都没有踩雷快艾特队友带你去吃广州美食抹茶广州吃喝玩乐一家被找疯了的店小红书美食地图广州探店漫画宝藏餐厅分享氛围感餐厅广州日料用美食延长周末饭搭子广州平价日料天河区美食宝宝辅食周末去哪儿吃货薯吃不饱同学,4
巴以冲突的未来走势预测每次转折点都是哪个国家的助力你能一一对应起来吗,5
妈耶有这么可爱校车我也想去幼稚园又是皮卡丘又是哆啦A梦的我这几百个月的人类也想去上幼稚园了哭惹R哆啦a梦皮卡丘奇奇怪怪可可爱爱可可爱爱在日本的生活,1
盘点近个把月设计的废柴小玩具打印解压玩具减压玩具指尖玩具EDC,4
海底捞外送虚假宣传服了买劵的时候是图12那个图片下单的时候变成图34那些菜了毛肚牛肉这种大菜就没有了给你个红薯苕皮偷梁换柱虚假宣传海底撈海底捞外送,1
常常被人不友善对待是咋回事如题就是对方会充满敌意也没做什么事情惹毛对方好奇怪啊石化R举个例子刚开始见面的时候别人的态度都很好的让人感觉挺亲近的慢慢的就说话很冲到底咋回事啊,1
带饭卖给同事卖多少钱合适如题之前跟她商量的定价是半荤素8元全荤是10元左右特别贵的荤菜另算像辣椒炒肉西葫芦炒肉片这些都是8元的半荤素昨天炒了香菇鸡给她放了一个小鸡腿我说按全荤的收钱她说她以为香菇鸡是半荤素的我让她出去外面看看谁家的鸡是半荤的她说她要带我去吃一次10元两荤一素的快餐好火大有种吃力不讨好的感觉她说的那个10元快餐店之前吃了一直肚子痛还看见蟑螂爬来爬去我说我不吃有蟑螂爬过的她说现在这天气没有蟑螂了我更加火大了ps她吃的是长方形的饭盒饭盒筷子是我一手提供的包括热饭洗碗所以我真的卖的贵大家觉得多少钱合适上班族带饭便当带饭日记同事奇葩同事,1
在广州你们房租多少钱一个月我在白云区大单间1230吧唧R,5
海底捞隐藏吃法免费锅底吃到爽震惊店员海底捞省钱攻略别花冤枉钱学生党海底捞火锅女生必看海底捞攻略,1
的人都不知道iPhone的这35个隐藏功能iPhone的隐藏功能太多了我先来35个致意还有哪些好用的iPhone隐藏功能那就一人来一个吧iphone苹果手机苹果手机技巧iPhone技巧iphone隐藏功能数码街区由我造一人一个iPhone使用技巧,4
whisperingthroughtheleaves秋日私语审美积累壁纸摄影,5
如何确认娃在学校没有被霸凌十分赞同答主观点与幼儿交流不要用诱导性话术这么小的娃他分不清幻想和现实一个监控足以澄清亲子教育家庭教育经验分享父母与孩子幼儿园孩子教育校园霸凌校园生活校园安全孩子被欺负孩子,1
万花丛中一点红丽斑兰Lepanthestelipogoniflora俗称小红伞小红伞一开其他的花黯然失色大笑R大笑R绝对的焦点黄金薯R黄金薯R来一张图看看大家缸里的兰花发在评论区吧雨林缸兰花南美兰花雨林缸造景小兰花生态缸丽斑兰,4
大家最接近死神的一次是什么时候还记得吗一次恐怖的经历也是我距离死神最近的一次有一年冬季在内蒙古做地质勘探当时满山坡都是雪跟着坐标走一个不小心踩空了向下滑落了大概有几十米手是四处抓东西终于抓住了一把草当时吓得尿裤子了然后其他人赶紧扔那种勘探的铜线把我从下面拽上来了我当时上来之后往下看了一眼差点吓晕了因为在往下滑3米就是一处垂直峭壁也是那会真的对抓住了救命的稻草这句话理解的很透彻了真实事件,1
施伯雄跟何猷君是不一样的何猷君婚前婚后他都上过不少综艺他是享受上镜的而施伯雄明显不是非常喜欢上镜他应该是为了配合吴千语才愿意上综艺的尬笑施伯雄家里人一贯的作风都比较低调他本人也是因为和女艺人拍拖才何猷君是高高兴兴和老婆一起上综艺一起玩而施伯雄他是来完成未婚妻吴千语派的任务的笑哭,2
喜庆本命年内衣裤要过年了快给你的孩子准备一套把喜庆穿在身开开心心过新年的棉让你穿的更舒服柔软又透气色牢度高不易掉色胸垫可拆卸方便清洗橡胶下摆不上蹿加宽大弹力不易勒痕本命年礼物舒适内衣裤套装我的本命年,1
雅思上岸后才发现太老实是考不上雅思的雅思阅读雅思听力屠雅攻略雅思打卡雅思备考雅思写作雅思口语分手吧雅思雅思考试雅思studywithme信息差,1
十四和小希找不到图片了全家福来啦不太完全体谅一下只能放四张害羞R害羞R吾凰在上,1
土豆泥拌饭西安有没有类似这种的土豆泥拌饭啊真的很想吃求推荐萌萌哒R,1
发奖学金给我妈后入学奖学金到账后给爸妈转了6千虽然他们也不差这点钱能感觉到爸妈特别开心但我一直觉得自己是个废物有时想想就好气啊活了二十多年了还要爸妈给钱上学太窝囊了小时候把自己想的无所不能越长大越感觉自己的平凡在我有限的生命里我最感谢自己的妈妈小时候特别调皮闯祸能把她气到要晕倒的程度但是她还是会在我爸要打我前拦住她也会像小孩子一样喜欢吃零食她小学学历教育我考上研究生教育我姐考上博士她在我们面前会毫无保留的爱我们但在外人面前又会展现女强人的一面有时我也会敬佩她的勇气她们那个年代十几岁什么都没带孤身一人来到深圳打工她们对生活的热爱和韧性我想比我们强的多小时候我会时不时想抱怨我们家怎么那么普通我也想像班里有些同学那样每个月几千的零花钱买新出的iPhone穿最贵的耐克但是我会经常看到我妈工作到半夜和我爸经常广州东莞各地穿梭电话里有时经常传出她对客户为了几毛的差价小心翼翼的软磨硬泡我觉得我妈最好的教育方式是她会把她面临的社会问题告诉我们但不会给我们实际的压力像是疫情来的时候开的厂因为客户突然不要做好的货资金断裂工人的工资场地租金等等各种问题而倒闭了那段时间真的我能感觉到很难甚至于家里卖掉了成都的房子但我妈从没减少对我和我姐的投入不管是经济上还是学习上那段时间疫情我在家帮忙把堆积的库存卖掉我现在仍然记得有时白天上午在家学习备考然后下午跟我爸在仓库搬货一百多斤一包的货物都是我和我爸俩人抬有时外面下着雨我和我爸推着推车搬运货物有水坑卡住时我俩要合力喊口号推去去身上多有泥泞现在回想是有些狼狈但是那时只想着帮家里度过难关有时要做到晚上1011点我回去了爸妈还要在外面守着我妈会总是内疚不让我搬但疫情又不好叫到人她是不允许我熬夜的说对身体不好但她经常要半夜接客户突然打来的电话还要立马切换到清醒理智的口音在我妈的超强公关下顺利清除了库存跟赖账的客户打官司追回了大部分资金她甚至打官司的时候跟客户在派出所发生肢体摩擦不过我都没经历过只是从她只言片语外加轻描淡写中推测场面的惊险尽早独立强大是我今年考上研究生最后一个月最大的愿望加强实践的学习努力变强但不要做无趣的人吧,3
是少女也是麻麻是少女也是妈妈怀孕真的可以让人变温柔好像身上有温柔的光当妈妈真的可以让女孩坚韧起来孕妇照孕妇写真最美孕妇厦门写真写真馆推荐,4
每天学习一点点顺境不飘逆境不怂绝境不慌赏析人活一辈子无论处于何种境地至少可以把握自己的心态不张狂不退缩不慌忙要始终保持泰然自若,5
早起十分钟就能搞定的7种快手早餐孩子爱吃今天的早餐长这样早餐吃什么一人食吃什么美食分享约克郡布丁鸡蛋饼粘豆包,1
加水印版模仿班长批改情敌作业小众旅行地笔记灵感声控模仿老师改作业批改作业Haileychunnatiiiii拿铁FP森林公园海盐味的小羊WL海洋杂物社東京小羊小王爱喝草莓奶,4
学校做番茄冒菜的爷爷成了稀缺人才标题是窗口阿姨的话原封不动记录下来的时候还是觉得很好笑这个冬天吃了多少次番茄冒菜其实我都记不清了只是有一次路过自选麻辣烫窗口发现增加了番茄冒菜的选择所以好奇尝了下结果舌尖碰到了新大陆后来一发不可收拾了酸甜这样的形容都有点片面和无力这个番茄原汤真是熬得很好的每次吃完还会喝光权当原汤解原食所以等候的时候趁没人和窗口阿姨说这个番茄汤做得真是不错我这个冬天都来了好多好多回了希望寒假的时候自己在家能试试不过我觉得不好模仿阿姨说我知道你番茄冒菜五号嘛每次都碰巧给你拿的五号就记住了阿姨后面的话也很好玩她说哎呀别说是你们了做番茄汤的是专门的一个爷爷我每天在窗口里转来转去偷偷看过好几次也没搞明白人家怎么做的反正就是很好吃真是这样上次我来得很早这个阿姨就说今天做番茄汤的那个爷爷请假了早上只做了一点儿就走了看来今天只有你这一碗了我就在想果然是这技多不压人呐掌握一门技术也好学问也罢有总比没有强会总比不会好要是还能做到不可替代让别人想学习嘿您猜怎么着那真是盖了帽了笑哭R最爱麻辣烫大学食堂学校食堂冒菜超好吃的冒菜番茄,3
我位数的三亚婚礼终于等到boss大婚400多人住的三亚亚特兰蒂斯55层53层整层专享知名设计师赖梓愈亲自设计的婚礼鲜花铺天盖地蛋糕都有一个屋子那么大太震撼了宾客坐专机参加婚礼这样的婚礼之前也就是看过迪拜那些精英才这样祝福大boss和他美丽的新娘子新婚快乐现场美到词穷三亚婚礼世纪婚礼,4
打卡842天期待最后一页是花开万里每日练字打卡手写字体练字插画,1
有钱后看自己以前因为钱遭的罪像个小丑那些穷养长大的女孩子都怎么样了举手R举手R红色心形R贫穷造就的心理和精神上的匮乏才是最大的坏处不要把钱看得太重健康和快乐是最重要的东西当自己的收入提高后真的觉得自己以前因为没钱遭的那些罪真的挺小丑的作者Mrv发布时间20231029人生建议深度思考现实烦恼当代年轻人三观存款笔记灵感孩子成长穷养教育贫穷人生,1
i人拔草广州动物园动物不咋营业排了半个小时队进到熊猫馆一直被催着往前走不能停留熊猫睡着了没有营业哭惹R动物都喜欢藏起来躲在角落还是工作日去比较好周末人太多i人难受笑哭R,1
宝宝是不会骗人的最多就是胡说八道这么诚实的孩子我是相信他的可爱简笔画亲子教育袋鼠妈妈,2
北窗桃李下闲坐但焚香浪漫生活的记录者琉璃茶生活香炉熏香炉爱茶爱生活新中式茶饮茶具让茶变好喝的茶具高端茶具,5
这几年大家的审美变了好多啊以前卖的最好这几年大家的审美变了好多啊以前卖的最好的就是了当初只买正红大红的颜色还有土色很重的红棕色这几年都很少见到大家涂,1
小花仙精灵王盘点清明无霜小花仙小花仙精灵王并蒂莲花精灵王清明无霜,4
612个月宝宝辅食添加表宝宝6个月后处于添加辅食阶段应该吃什么食材添加顺序是怎样的很多妈妈表示还不得要领今天整理一份612月龄宝宝辅食表给大家参考一下喜欢请记得保存好分享给宝爸宝妈们一起看各月龄怎样添加辅食6月龄第口辅食首选高铁米粉稀糊状因6个月后母乳中的铁无法满足宝宝的生长需求且体内储存的铁已经消耗殆尽所以需添加含有铁元素易吞咽的辅食米粉喂养35天后可搭配根茎类菜泥7月龄食材多样化由单一菜泥转为混合菜泥水果泥在午睡后添加开始添加肉类从白肉到红肉辅食泥可略有颗粒感8月龄碎末半固体每日保持奶量辅食由泥状向半固体过度蛋黄添加方法由14加至整个蛋黄可以添加面食和软烂的手指食物910月龄小颗粒状由一餐改为两餐以粥类面食为主辅食可用刀剁成小颗粒1112月龄小块丁状辅食由半固体向固体过度每日保持600奶量辅食制作方法菜泥制作法根茎类将蔬菜蒸熟或煮熟后放入料理机打成泥加入米粉中叶类将菜叶放入水中焯水稍稍变软即可放入料理机打成泥果泥制作法香蕉苹果牛油果直接刮泥即可其他水果直接打泥肉泥制作方法将肉洗净后去掉油脂切小块并使用柠檬浸泡去腥冷水下锅煮至沸腾撇去浮末后上锅蒸鸡肉猪肉15分钟牛肉20分钟加水放入料理机打泥肉泥可以晾凉后放入冰箱储存一周吃完建议标注日期1何时添加辅食6个月开始添加建议不早于4个月不晚于8个月2如何冲调米粉一般使用4060C的温水冲调部分米粉需要先放米粉后加入水要注意说明水温不能过高米粉易结团31岁内不要吃的食物蔗糖盐蜂蜜酱油皮蛋咸菜详细请翻看之前的笔记4关于鸡蛋的添加1岁内添加蛋黄可以补铁6个月和8个月添加都是ok的可参考当地儿保建议,1
大学生玩捉迷藏把自己藏丢米甜专属话题祈春社团大学宿舍泥po大学生,1
癫广boss战是吧外省人紧急购置厚衣不是说不会低于10吗哭惹R广东天气天气预报广州天气,1
万花丛中一点红丽斑兰Lepanthestelipogoniflora俗称小红伞小红伞一开其他的花黯然失色大笑R大笑R绝对的焦点黄金薯R黄金薯R来一张图看看大家缸里的兰花发在评论区吧,5
苦恼啊婴儿啼哭算扰民吗我家隔壁新生了个小奶娃每到凌晨两点小宝宝都会哭轮番哄都不停那种一般要持续半个小时真的太闹了我和他妈妈爸爸一样每天半夜都没法睡觉但是真的一点儿都不讨厌他有时候会想他到底在哭什么现在妈妈是抱着他轻轻的拍着安抚他吗虽然很吵但心里没有一丁点厌恶的感觉只是希望他别再这样哭了听着糯糯不断的哭声我感觉小宝贝好像很难受的样子也不知道是不是自己到了婚龄还没结婚但是心理上已经成熟到有了为人父母的某些期待所以每次听到小宝宝的哭声都会觉得很有家庭味只希望隔壁家的小孩请快快健康的长大吧家庭教育父母与孩子孩子教育,1
红烧猪脚炖猪蹄切记不要直接下锅那样炖出来的猪蹄又老又柴今天教你一个方法炖出来的猪蹄像豆腐一样嫩红烧猪蹄黄焖猪蹄小红书美食分享,1
去香港警署领一个熊sir吧其实只要去到警署提前给他们打电话跟他说你要买小熊跟他提前说好款式93846099导航搜香港警察总部香港湾仔军器场街1号正常上班的时间去就好了他就会带着小熊下来然后就在一个角落进行交易偷笑R它可是正经从警署抱出来的根正苗红的熊sir诶派对R一次很特别的经历,1
治愈系田园风插画光才是一切氛围感的源头插画分享插画师推荐治愈系漫画治愈漫画,5
中山大学是全世界唯一一个以中山大学命名的大学也是全中国唯一一个简称双鸭山大学的学校没有之一并且广州市也是全中国唯一拥有中山大学广州校区的城市珠海市也是全中国唯一拥有中山大学珠海校区的城市深圳市也是全中国唯一拥有中山大学深圳校区的城市据不完全统计中山大学是全国中大校友最多的大学著名五星上将麦克阿瑟表示我上次去中山大学看到的每一寸土地每一个人都是中大的中山大学,2
太原果然是大城市啥都能吃到啊这个饺子种类也太多了吧还能拿回家自己煮这高低拿捏了太原美食太原美食攻略饺子包饺子饺子控太原兴富桂水饺,1
JOJO壁纸做自己的治愈者EVA明日香手机壁纸每日壁纸私藏壁纸治愈系壁纸治愈自己壁纸治愈壁纸分享EVA明日香EVA新世纪福音战士IPAD壁纸香党,5
早上到的一件货中午就剩这点了都是一组两组的拿这个真的很不错喝过的应该都知道阿福乐五维赖氨酸口服溶液五维赖氨酸口服溶液,4
强森携手杰里科抗敌大公主中途干预强森携手杰里科抗敌大公主中途干预结果被撂倒在地wwe摔角,2
热知识来了这个巴沙鱼胶是可以吃的偷笑R买点鲍汁焖一盘鲍汁花胶客人来了也很拿得出手带鱼胶花胶滋补养生靠谱的货代,1
这玩意真的公平吗带个称出门喝酒我是真服了测评喝酒日常喝酒酒杯智商税真实测评,5
这幅猫咪绝了已经不能单纯用生动来形容为数不多的生动作品之一真的是又形象又生动细节恰到好处小眼神非常到位把猫咪和蝴蝶都绣活了再说说装裱选用了双层立体卡纸有层次有空间感实木金箔做旧框不是很华丽也不乏味突出的是质感经得起岁月洗礼十字绣DIY手工刺绣十字绣成品,4
酸奶冰芋圆口感细腻顺滑酸奶的酸甜与芋圆的香糯相得益彰仿佛口中盛开的一朵花这是一款夏日解暑的绝佳选择让你在炎炎夏日中享受一份清凉的甜蜜糖水酸奶在家做甜品冰粉最爱喝的酸奶芋圆甜品美食日常美甲分享美食自作美食美食制作教程美食制作教程,1
鸡蛋滚脸真的鸡蛋滚脸皮肤真的会变好鸡蛋护肤小知识,1
抱宠头像分享动漫头像萝莉头像可爱头像头像女生头像闺蜜头像情侣头像抱宠情头我爱官方大大求流量爱官方官方大大求热门没流量啦微信头像优质女生头像,5
有娃家庭还有不知道这个法宝的嘛育儿不容易尤其是给宝宝选奶粉的时候做了很多功课选的奶粉结果宝宝喝了却拉肚子带她去看了才知道是乳糖不耐受因为宝宝自身乳糖酶缺乏乳糖没有被完全分解今天就分享一下乳糖不耐受怎么办如果宝妈们还有什么想问的可以随时来育儿路上我们不断的学习助力宝宝健康成长乳糖酶宝宝拉肚子新生儿乳糖不耐受康丽赋乳糖酶辣妈育儿经科学育儿,1
谢谢必胜客让我们吃上了r的汉堡起猛了家人们必胜客竟然也出汉堡了还是铁板现煎的做了33年西餐的牌子就是不同凡响关键是现在温州门店还有周边送汉堡脑袋快冲,1
发光的星空083梵高系列手机锁屏壁纸壁纸分享星空发光星空摄影致敬梵高梵高壁纸每日壁纸手机壁纸送你好看的手机壁纸每日壁纸分享唯美壁纸治愈系壁纸原创壁纸,5
手机壁纸梵高系列白云星星490送你好看的手机壁纸白云星星星空星空摄影每日壁纸手机壁纸壁纸全屏壁纸高清壁纸神仙壁纸可爱壁纸壁纸分享iphone壁纸华为壁纸梵高致敬梵高蓝色蓝色系,5
黄焖羊肉一看就会一学就废这样做的黄焖羊肉软烂入味美食教程黄焖羊肉,1
普通家庭大学一个月2000生活费普普通通的家庭母亲是护士爸爸在厂里上班每个月给我生活费对于我个人来说是足够的遇到节假日我的母亲大人还会额外多给一丢丢平时出去玩报备一下也会给有时候花超了撒个娇爸爸也会额外再给我补贴就是感觉父母在能力范围内给了我最好的大学生大学生生活费大学生日常,1
北京为什么北京的雪是黄色的北京下雪啦但是为什么道上的雪是黄色的洒盐也不应该是黄色的呢融雪剂吗还是啥北方孩子第一次见到黄色的埋汰雪北京下雪黄色的雪北京初雪,1
再也不怕商家误会了每次用了zfb红包付款给商家出示都怕有误会今天偶然发现这里有个下拉就能出现全额了zfb这点蛮人性化的偷笑R偷笑R偷笑R支付宝消费券红包我怎么才知道,1
海蓝之谜找了个腊梅空瓶挤了郁美净进去给老公用过不了几天他指定要说大牌就是好用,4
朋友领证吃饭穿这个不夸张吧上次生日的闺蜜领证了不办婚礼就办四五桌家里人好朋友一起吃个饭啊啊啊上次说我穿的骚的女孩子也在我还会画个妆就是较上劲了这次不PK一下以后没有见面的机会了晚上冷的话外面还会搭个貂不知道新娘子会穿个啥问过不穿婚纱和礼服就是穿个小裙子问题就是我穿这样会不会有点隆重平时朋友见面我基本不打扮,2
是欢笑是惊恐喜羊羊与灰太狼喜美顾鹤桉桉树向日葵馨桉即是归处爱官方别限流薯管家小红书创作学院,1
普通大学生卡里有5000个的一天大学生卡里有5000的一天生活今天简简单单做个虾吃有空给大家回应一下上一篇的一些问题大学生富二代,1
祝女儿12岁生日快乐女儿生日快乐祝往后余生事事顺心快乐常相伴题外话不翻照片不觉得学习舞蹈对女孩的影响有多大生日成长舞蹈,1
双胎入院待产有个贴心老公太幸福了双胎孕晚期真的太煎熬了还好有个贴心照顾我的国外老公一个好的爱人真的可以减轻孕期一半的痛苦入院前让老公给我洗头让我好清清爽爽的去生产了孕期的姐妹都在问我怀孕的时候用的什么洗发水其实我都是用孕妇专用的belli控油洗发水套装剔除了香精人工色素尼泊金酯类防腐剂没有孕期慎用成分用起来很安心0硅油氨基酸配方洗完头发清爽又柔顺最重要的就是控油效果好孕期爱出油3天一洗也完全没问题孕妇洗发水孕期洗护孕妇可用护肤品控油洗发水孕晚期记录生活孕晚期肚型,1
终于拒绝了同事坐我车大家都怎么拒绝的跟同事不熟很久之前坐过同事的车回家不过我当时就有买奶茶给他后来我也不好意思坐他车回家只有非喊我一起的时候才一块我坐后排后来知道我提车之后就让我带他虽然我很不想带但是念着之前带过我份上我就答应了我平时回开车的时候化妆和拍vlog带他非常不方便前面两次我都没好意思拒绝还在小红书搜如何拒绝还绕道他家小区门口接他最抓马的是第二次到他小区门口刚好另一个同事路过他坐别人车走了我白过去了一直不好意思可是不好意思难受的就是我勇敢拒绝最后也没没在回复了蹭车同事蹭车学会拒绝同事关系拒绝内耗,3
在深圳麦麦小镇今天终于开放啦昨天去的时候还没完全开放主要是排队领周边今天终于开放可以好好逛逛啦巨可爱主题乐园谁能不爱快去拍照地址OPOWER文化艺术中心地铁侨城北B出口深圳周末去哪儿深圳拍照麦当劳游乐场,3
冰糖的水果肯定是草莓最好吃啦吃了甜食会开心简单美食草莓冰糖葫芦冰糖草莓,1
今日份穿搭蓝色瑜伽服上衣好好看色色Rootd每日穿搭瑜伽服穿搭,5
普通人的一生有多难普通人的一生有多难谁不是一边内耗自己又一边治愈自己不甘但又不得不承认自己的平庸我本善良但行好事加油80九零们,1
4055岁不在失职业交金补贴攻略没有搜到一站式答案去社区中心咨询后得到了比较明确的答复分享记录一下不管是主动还是被动离职原来的5险1金也就戛然而止了不管是被解雇还是协商离职只要在社保系统里显示是被解除劳动关系就可以申请失业保险领取每月2100元一次至高领取24个月每工作一年累计2个月不管是被解雇还是主动辞职如果想要继续缴纳医保养老两险可以到户籍所在的社区中心办理灵活就业人员缴纳费用40岁以上人员符合条件还有的交金补贴领取补贴的三个前提条件是1不能有企业不能有营业执照不能是法人或董事什么的若有需全部注销2失业无业状态满半年即不交金状态满半年3带好身份证户口本去做求职登记满15天失业半年内任何时候都可以无需第一时间缴纳医保和养老目前2023年最低标准是元符合以上条件可以补一半即1279元4045岁之间至高领三年4555岁之间至高可以领五年47岁起还有一个可以叠加的大龄灵活就业补贴也是至高可以领三年省流也就是说从40岁起不在职状态自己交金至高可以领取8年的补贴先交后补叠加3年的另大龄补贴5年时间自己每月交1300累积养老金和参加医保或许见仁见智但47岁起3年缴纳最低标准是全返还的不就业的话累积三年工龄何乐不为灵活就业缴纳社保4050补贴大龄补贴养老金中年失业,5
不敢想象收到一份这样治愈的果盒得多开心水果大爱水果季每日水果应季水果水果自由高端水果我爱吃水果果切果盒创意果切缤纷果切水果果切切水果花式切水果,1
汗流浃背了老弟连高考600分都会有人嘲笑坐标深圳已经算教育非常非常非常非常发达的地区了我们这边有一所四大的高中全深圳最好的四所高中上周在国旗下讲话的题目都是从9科600到6科600大家都觉得非常努力是学霸但是为啥到了网上就成了不到600的就是智力缺陷啊石化R那怕是深中的高考成绩都没有全员600啊石化R我们是没活在同一个世界吗石化R高考高考600分深圳大学,1
再也不好心借给别人气垫了昨天店里同事脱妆好心借给她补一下我自己都没怎么用按压粉底液的地方只有一小块今天打开一看直接无语凹下去一大块哭惹R周边也脏脏的只补脸颊那一块用的了这么多嘛下次再也不借了,1
希望我们热烈而炽诚的活着强势回归ALinayyunALinayyun纯的话题FL学博团JT牛奶陨石友谊强势回归学习,1
地铁偶遇小萌娃火速抱回家抱回家养养不会被抓吧人类幼崽可以多可爱,1
冬日初营手机壁纸溪水潺潺风景不错iphone壁纸每日壁纸送你好看的手机壁纸全屏壁纸高清壁纸露营原创壁纸小众旅行地笔记灵感,5
回村日常第29天拥有不扫兴的父母是一种什么样的体验记录我的农村生活,2
带化妆台的浴室好新奇智能马桶离不开奶fufu的帕恰狗微水泥浴室颜值在线又实用性满满自砌微水泥浴室柜把化妆台也加入浴室柜区洗完澡就可以直接坐在那里护肤啦洗烘一体机也搬进浴室脏衣服可以直接丢进去洗走出浴室也不会觉得吵外观简洁的智能马桶隐藏式水箱侧面有一个凸出的按键冲水可以轻松使用秋冬的时候使用冻PP怎么办没关系它有座圈加温可以智能感应入座的体温然后自动调节可爱帕恰狗地毯亮色点缀浴室让浴室不那么沉闷浴室微水泥浴室帕恰狗智能马桶浴室好物化妆台浴室柜浴室装修灵感库浴室装修我的智能马桶新年新气象,1
冬季降临是福娃的兔宝宝好名字名字宝宝取名起名改名宝宝起名宝宝起名宝宝取名字名字宝宝取名字兔宝宝起名起名字,1
儿媳妇的狗儿子现在真是打不得骂不得说不得大家好刚买没多久的狗床就被狗儿拆了假装说要打他他狗精还把眼睛闭起来看到又气又好笑我跟媳妇说他现在打不得骂不得说不得说了也没用非常会看人脸色还非常会讨好人说要打他了就一直拱人,1
想知道大家是怎么变白的黄皮的痛谁懂哭惹R真的很想变白趁这个秋冬我要狠狠逆袭我也想穿小吊带啊啊啊求求大家有没有什么变白小妙招啊皱眉R皱眉R皱眉R,1
浅尝一下纯欲战神蕾丝篇高级感内衣法式内衣仙女睡裙纯欲风性感睡衣,4
十字绣墙看着就能满心欢喜了十字绣墙你值得拥有萌萌哒R改造打卡十字绣十字绣十字绣爱好者十字绣成品家居摆件家居分享,4
华为手机相机专业模式你的华为手机其实就是一台单反哇R大笑R你知道怎么打开华为手机的单反模式吗萌萌哒R看R其实只要打开相机点击专业模式看R哇R就有很多参数可以调节庆祝R萌萌哒R萌萌哒R学会这一招国旗假期出门拍照不求人让我们先来了解一下专业模式的功能吧烟花R烟花R烟花R一测光模式矩阵测光适合大多是场景中样测光适合拍摄人像测光模式逆光舞台看R二iso感光度越高对光线越敏感画面越亮适合光线暗画质越差哇R三s快门速度向右滑动快门越慢适合拍摄夜间车流瀑布三脚架向左滑动越快抓拍运动的物体清单R四曝光补偿向左画面变暗适合逆光夕阳剪影往右越亮适合日系小清新庆祝R五AF自动对焦AFS自动对焦AFC连续自动对焦MF手动对焦向右滑动无限摄影星空风景向左滑动拍摄蜜蜂萌萌哒R六WB白平衡阴片模式荧光模式白炽模式晴天模式手动调节白平衡氛围感照片哇R清单R清单R全景模式流光快门动态照片大光圈看R烟花R以上华为手机照相模式的六个功能你最喜欢哪一个呢庆祝R欢迎评论区交流如果对你有帮助别忘记关注jackson玩数码分享更多你不知道的玩机隐藏小技巧那我们下期见萌萌哒R萌萌哒R萌萌哒R华为華為华为手机手机技巧手机小技巧手机使用小技巧手机摄影技巧手机拍照手機拍照华为手机拍照单反专业模式手机拍照专业模式手机专业模式华为专业模式爱搞机的秦同学小红书视频号Geek小哥哥爱搞机的秦同学小红书视频号视频薯数码薯,4
芭比Q了又是字体侵权注意啦注意啦字体免费下载不等于免费使用另外windows自带的微软字体也是不能商用的很多人不知道都被坑了人家微软雅黑等字体是给windows系统用的离开了微软系统使用windows自带字体用作商业用途是侵权的,1
小鞠你看啊你也在慢慢被认可宋桉瑶专属话题鞠婧祎感谢以上网红出场,2
大学恋爱真的太甜啦情侣日常恋爱日常情侣装情侣穿搭,1
支起一个慕斯蛋糕小摊要怎么做越努力越幸运加油摆摊记录摆摊生活,1
美少女战士头像魔卡少女樱迪士尼公主美少女战士美少女百变小樱手绘头像美少女战士头像优质头像头像,5
咳了一个月结果被这个甘蔗头整好了不懂就问有问必答健康养生养生日常咳嗽咳嗽怎么办中医养生中医健康宝宝咳嗽食疗养生孩子咳嗽甘蔗咳嗽怎么办养生茶,1
为了让娃少吃糖果爸妈也是尽力了彩虹糖娃最爱的糖果之一用这种方法让娃看到其中添加了多少色素小朋友看到后很震惊表示不吃了希望能坚持久一点正好最近加州新颁布了法律禁止了一些食品添加剂其中彩虹糖受到很大影响老母亲默默的心中开心在海外让小朋友能少吃一点糖果实在是不容易还有什么方法能帮助小朋友少吃零食和糖果求经验合十R合十R海外养娃海外华人美国养娃美国育儿海外育儿爸爸妈妈零食,1
很难想象100年前的今天他还饥寒交迫我的爷爷104岁了100年前的今天他还在过着吃了上顿没下顿的生活用手机用高科技想吃什么吃什么简直对他来说是个梦但是100年后的今天他可以坐在暖气房里刷着视频看着窗外的雪景吃着想吃的水果再也不用受苦去享受生活对于他来说幸福这个词也许他最深有感触,3
我家腊排骨每一扇都是视频同款带脆骨的精排发给大家的腊排骨是一整块会切成一小块一小块抽真空发货小九腊肉香肠腊排骨农村特产,1
独一无二朋友圈背景图手写背景图浪漫生活的记录者每秒都值得记录微信背景图朋友圈背景图背景图分享背景图朋友圈背景朋友圈背景从第几张开始心动朋友圈文案背景图朋友圈背景图手写背景图背景图微信动态朋友圈背景图微信背景图背景图分享手写,5
12306好好学学灵动岛怎么做灵动岛iPhone那个大飞哥,5
广州哪里买衣服比较好啊降温了救救孩子看了一堆推荐想问问广州哪里买衣服比较好普通上班族不太会讲价也看不懂质量就动漫星城APM龙洞步行街那个比较好啊看很多人评价说不让试会拉走不让走我i人真的不太会吵架失望R失望R失望R但真的没衣服穿了能救救孩子嘛给个推荐吧,1
可爱滴好喜欢这件衣服呀好可爱女高中生舞蹈生高中生OotD,1
今天奖励自己奖励自己一个糯叽叽的现包麻薯皮冰激凌吃货日常冰淇淋甜品,1
注定被神明偏爱的宝宝名字宝宝起名名字取名宝宝取名字改名字起名改名起名字新生儿宝宝取名取名字孕晚期男孩起名女孩起名起名,1
经历过才明白交朋友远比结婚更需要门当户对两个能长期做朋友的人一定是需要门当户对的看见一博主分析小时代里边四个姐妹花那样的友情在现实生活中几乎是不存在的因为两个人之间如果没有相似的成长经历相似的生活困扰相似的思维方式那你们就不可能真正的理解彼此互相安慰甚至成为朋友毕竟人是不可能和自己没经历过的生活没经历过的处境共情的友情这个东西门槛其实非常高你可能会一时上头随便找个人结婚谈恋爱但你绝对无法莫名其妙的找人当好朋友寻找小红书懂我的评论涨知识神评论友情朋友门当户对恋爱交朋友一群志同道合的朋友,3
食堂阿姨被我导治好了手抖我们去做现场调查食堂阿姨给我们打的菜超级超级少师姐就在群里说不够的就再去打一次就行我导看见了立马去给食堂,1
孕妇眼中的水果怀孕不同阶段水果怎么吃快你的笨蛋老公给你买孕期孕期吃什么孕妇水果,5
独居起床发现放桌上的一碗酥肉没了之前有过放厨房的一碗做好的鸡翅第二天发现被拖出来一根估摸着觉得不好吃只拖到碗外吃了一点点昨天做了酥肉想着冬天温度低就没放冰箱今天起来发现没了碗附近都是调料辣椒朋友说是老鼠吃了但我住这么久一直没听见过老鼠的动静生肉放厨房也一直没出现过什么问题啊啊啊到底是什么我22楼啊周围邻居的窗户没有挨着的窗户附近都是墙壁图二是唯一我觉得可能是猫爬进来的地方但22楼啊真的不矮惊恐R,1
南京你不宣传它你糊涂啊啊啊谁懂啊吃了很多年的小店是我私藏南京旅游攻略南京芝士芝士控披萨,4
突然理解了关晓彤那句自己知道好就好知道周一围疯狂接戏只为了给还在谈恋爱时期的朱丹还2000万的时候突然理解了关晓彤那句自己知道好就好所以真正的恋爱脑是周一围吧朱丹周一围爱的修学旅行,2
绝绝子苹果手机真的太懂用户啦绝了苹果手机如何一键录音保留证据呢跟着嘉阳设置起来吧新生数码问题求助数码街区由我造苹果手机iPhone手机分享数码达人成长计划數碼達人成長計劃家居薯数码薯薯条小助手视频薯小红书创作助手小红书创作学院小红书视频号数码大玩家,4
你被外国人问过什么奇葩问题不得不说这个问题确实挺让人好奇的笑哭R浪漫生活记录者笔记灵感记录生活外国人神评论搞笑幽默奇葩,1
日语每日单词记忆卡老师带读点赞收藏一下方便自己找到1吊灯2窗帘3窗户窓4台灯電気5插座6玩偶縫7书桌机8枕头枕9被子布団10椅子椅子日语学习日语日语入门日语单词日语口语学日语自学日语零基础学日语,1
所以医生头巾上到底有多少只小青蛙哈哈哈哈哈哈这不应该是儿童医院的画风吗话说医护人员专业到位哪怕控制不住自己的脑子和嘴巴唱小青蛙但也能立刻反应过来你不能唱小青蛙浪漫生活的记录者医生医院尴尬小青蛙儿歌拔牙智齿,1
吃个美美的早餐吃个美美的早餐迷你食玩过家家玩具迷你厨房,4
红丝青叶长出水面了又得准备修剪了观赏鱼养鱼热带鱼鱼缸造景鱼缸生态鱼缸养鱼日记水族新手养鱼古法养鱼,1
氛围感的小头像来张氛围感的小头像吧绘画日常豆豆眼头像头像分享卡通头像头像约稿浪漫生活的记录者,1
锅盖洗不干净后续按照网友的建议重新洗了嗯还是不干净难道我这摆放还是有问题捂脸R捂脸R捂脸R洗碗机,1
肩胛骨缝疼痛处理居家锻炼肩胛骨缝疼肩胛骨颈椎颈椎病颈肩酸痛,5
更新啦25条超燃运动会加油稿致青春彩虹R学校秋季运动会圆满结束上一篇运动会加油稿的笔记好多宝子喜欢催更我再写点大笑R作为有求必应小蘑菇我来啦耶R新的15个加上旧的10个一共有25个了这次应该够了嘻嘻派对R有需要的宝子们还是自取修改班级就好啦耶R星R窗外有风景脚下有前途低头是赛场抬头是未来关关难过关关过事事难成事事成远赴人间惊鸿宴一睹人间盛世颜加油高二11班星R少年没有乌托邦心向远方自明朗放弃不难但坚持一定很酷大好青春怕什么向前跑别回头风华正茂的年纪应该所向披靡半山腰太挤了你要去山顶看看加油高二11班星R赶风追月莫停留平芜尽处是春山不是让你把比赛当成人生成败的赌注而是希望你在年轻的时候体会一次全力以赴追逐光靠近光成为光散发光少年不惧岁月长彼方尚有荣光在永远积极向上永远豪情满怀永远热泪盈眶加油高二11班星R听闻少年二字应与平庸相斥少年有梦不应止于心动更要付诸行动放弃可以找到一万个理由坚持只需一个信念希望在绿如茵的赛场奔赴的少年都可以顶峰相见加油高二11班星R初见少年拉满弓再见岁月不惧风须知少年凌云志曾许人间第一流时间在流逝赛道在延伸成功在你面前展现心脏在跳动热血在沸腾辉煌在你脚下铸就迎接自我挑战自我战胜自我人生海海祝你有帆有岸加油高二11班星R特别鸣谢各位在我青春里的独家赞助也许你没能展露锋芒也许你不能荣誉满墙然而青春放肆飞扬热爱经久不息输了不丢人不敢去赢才丢人少年啊你应该有梦的你无坚不摧也无所不能要踩着夕阳的灿烂奔向远方加油高二11班字数限制写不下啦完整版25条在图片里派对R希望对宝子们有帮助耶R运动会加油稿运动会加油稿,1
素凄闵凄闵和云菁天下第一好言子傲刀茗缘刃京闵慕珩遇沈娜妤云菁,2
想起了我在家里从没被在意的宝宝碗需求上学的时候有一年在逛超市看中了一个作为赠品的粉色的碗碗上面刻了很多只可爱的小兔子我买下来然后把碗拿出来洗好对家里人宣布这个以后就是我的专用碗吃饭都用这个因为它比家里正常吃饭的碗都要大一点所以每次吃饭我都会特意从最底下拿出来用这个时候我都是很开心的吃饭也是总抢先第一个盛饭后面有一次我吃饭晚了一点碗在我妈手里我说妈妈那是我专门用的我爸说吃个饭还这么多事不都可以用吗我沉默了它后面也被分给其他来家里做客的亲戚用我之后吃饭还是会选它但是再也不会那么开心了就这么过了几年今年过年我爸妈吃饭突然说这个碗不是专门你用的吗怎么不用了我五味杂陈我并没有开心我好几年前的诉求过了这么久才被看到她们明明能知道我在意什么但是根本不在意我也不会因为我有自己的房间而开心因为它是可以随时被我爸妈领进去亲戚住并且不告知我的衣柜里还留着亲戚的秋衣秋裤内裤我也不好意思丢怕别人下次要回去放在衣柜好几年它也是我不在的时候随意进出的高中翻我留下来的快递单问我为什么要寄东西给王俊凯我说王俊凯是我自己给自己取的快递名字翻出我藏在衣柜深处的日记本我的房间不是我的房间它是等我弟弟结婚以后就要被让出来的永远不会真正属于我的房间宝宝碗,3
治愈系手机壁纸素材组图山水美景拿图请留痕需要原图请关注后发私信或评论粉丝免费送,5
白菜酿肉家里来客做上这道好看又好吃的白菜酿肉做法还简单大人小孩都爱吃白菜酿肉,1
结构化超高频率美育德育劳动教育心理健康结构化热点中的超高频率题目谈谈关于xx教育的理解常考美育德育也就是立德树人心理健康教育劳动教育生命教育挫折教育等以下回答的版本适用于需要讲的时间较长看中内容的结构化面试还有一个更简单的回答版本宝们可以蹲一蹲第一一句话谈xx育事先积累实在不行套话备用是重要的基础的人生观关乎孩子的快乐和幸福成长和发展关系到国家民族的未来需要家校社共同努力这里可以从个人和学校角度简单谈一下影响或意义个人比如以美育为例有利于学生提高认识美发现美创造美的能力劳动教育树立劳动的正确观念和态度提高劳动的积极性学校创设校园文化环境促进校园文化的和谐可持续发展第二谈现状或分析原因这个超级有用别的需要分析原因的题目十有八九都能套社会学校家庭对于xx教育不重视可从社会资源匮乏无相关支持学校缺乏相关课程xx系统教育不完善技能化对学生老师的评价单一唯分数论家庭对xx教育的价值认识不足过于功利化第三措施学校完善相关课程体系建立科学评价体系开发本土化的xx资源还有几个超好用的维度独立开设课程利用校本课程和课后服务体系学科教学中有机渗透挖掘xx因素课外校外活动中安排校园文化建设中强化家庭正确树立xx教育理论作榜样引导关注孩子积极参与家校共育社会宣传舆论网络监管第四总结看答题时间选择不说也没事直接说回答完毕学生的xx教育需要多方合力多措并举引导学生树立正确的价值观和世界观培养具有时代精神和担当的新一代人才,5
麻了极简风走廊一装完入住觉得高攀不起越简单越有发挥空间极简风点点头说yes玄关走廊作为入户第一道风景线处处流露出细节小野流出羡慕的口水现代原木风隐形收纳现代原木风收纳背景墙软装设计杭州装修杭州室内设计装修设计别墅设计室内设计杭州装修案例现代风装修装修灵感库原木风装修客厅设计电视背景墙隐形收纳开放式书房书架设计落地窗极简风装修无主灯设计极简原木风我的装修日记我的装修记录,1
父母断生活费第32天收到了范琦的礼物暮年浮光之景将之瞬息点醒又终会因一物一事而解终生之惑小时候羡慕手上身上戴银饰的女孩子了银饰代表着一种祝福希望你平安的意思往往身上有银手链银手镯平安锁的女孩子肯定是被家里人捧在手心里疼着长大的没想到机缘巧合之下第一个解开我的执念的却是范琦的品牌大大我收到了人生中第一条银手链收到的时候有种说不出来的感觉像是藏在心中的一个结被解开了紫藤花的设计很美丽寓意是无尽的思恋很适合送给恋人或者闺蜜愿所有的美好都能如期而至范琦少女心手链闺蜜礼物银饰手链,4
我们的小孩也很聪明最后也难逃被困底层为什么很多穷q人家的小孩哪怕非常聪明也难以逃脱被困底层的命运第一永远不要试图通过感情和道德去仰赖人性而是要用规则和利益去约束人性我们普通人家的小孩从小被教育要信奉礼义廉耻孝悌忠信我们对于人性的阴暗面人性的丑恶是一无所知的但上层他们从小就会教孩子认识人性的复杂认识这个世界的复杂他们知道道德从不单一善恶也从不绝对被这样教育长大的小孩他们就不太会有那种非黑极白的世界观他们也不会对人性抱有那种不切实际的期待你不爱我你背叛我你伤害我我不意外我都能理解因为这个就是人性但我依然可以选择原谅你依然可以选择帮助你引导你向善已识乾坤大犹怜草木青你在认清了这个世界的本质认清了人性的险恶你在非常清醒的情况下依然选择拥抱这个东西才可贵第二世间万物都没有标准答案你能看到的不一定是真的真的不一定是对的对错不一定是非看的准则我说过很多次学校培养的是服从性我们从小被灌输的思维是一定要去找一个标准答案一定要分辨谁对谁错但其实这个世界没有这么多对错就算有对错也没有这么重要从小就没有人教我们如何去看清一个事物的本质我们以为自己看到的听到的就是真相但其实这个世界上只要是被强调的东西只要是突然开始宣传的东西基本上都是对普通人有害的一个假象第三绝对不要轻信捷径你们知道底层最可怕的是什么吗是他们会面临各种各样的诱惑随时面临滑下去的风险首先第一步你去哪里认识这种所谓的大佬我们唯一能够认识顶级有钱人并且可以跟他们建立起良好的利益往来的地方就是名校有钱人上的都是好学校你不要扯那些不三不四的地方认识场合决定关系走向同时也决定你最后落得一个什么样的结局真心话越是底层越是普通家庭你越要卯足了劲去读书不要听信那种知识无用读书无用的言论你想一想要是真的没用为什么有钱人还在孩子的教育上面这么卷如果你真想走捷径想认识顶级有钱人并且能够用到他们那你就好好读书上名校所以不如尽早放弃幻想只专心壮大自己的翅膀清醒的认识自己才能更加好运社会底层认知,3
长沙酒店求推荐不要广一共2个人去长沙玩看了一下好多都是民宿2个女孩子求安全求推荐性价比高较为便宜的酒店或者有没有需要避雷的感谢评论区的我都认旅游长沙长沙酒店酒店推荐长沙旅游,5
想去繁星中走走降落到童话看看雪带走了寒冷也带来了童话雪花繁星谁又分得清呢主页持续更新灵感脑洞商业用途请笔记灵感雪下雪童话小镇圣诞街道口一闪一闪亮星星助眠白噪音记录生活少女心emo我的宅家日常窗外风景封面治愈系风景氛围感催眠疗愈壁纸绘本家居美学浪漫生活记录者治愈Ai绘画脑洞大开蛋仔日常生活里的快乐瞬间微缩场景深度睡眠解压小红书创作助手,3
买小了后悔的很这么大的空隙都不知道要怎么办了浴室柜定制浴室柜网红浴室柜浴室柜非标定制装修装修灵感库装修踩雷,4
报新鲜的小兔打滚堡子适应新沙发啦以后多多蹦迪特立独行宠物观察局我家宠物好可爱,2
油条你就该油空气炸锅版油条我失败了捂脸R捂脸R学习了做油条放入空气炸锅前看着都没问题出锅惊呆了这口感就是锅盔啊笑哭R笑哭R剩下的总不能还这样做了就又烧了一锅油结果放下油锅就惊喜了哇R哇R这不就是外面买的效果偷笑R偷笑R油条果然得用油炸炸过的蓬松有型也可以冷藏冷冻起来第二天空气炸锅热一下就也脆脆的色色R色色R油条空气炸锅油条花样面食自制美食,1
入口即化软糯入味这样炖的猪蹄汤味道鲜美越喝越想喝美食猪蹄,1
有你伴我行这条路我会走到灯火通明耿耿林萱澈王嘉茜流量围我,2
生胖气的小狗圆圆脸生胖气真的好可爱啊一直有ee问罐罐掉不掉毛掉毛是肯定掉的啦不过最近给罐罐换了金凯撒鱼油对了这款鱼油是我跟罐罐一起吃的因为我经常熬夜掉发比较严重吃了一段时间掉发改善很多他家这款鱼油omega3纯度高达我家狗狗吃了一个多月这毛量这手感肉眼可见地想ruaruarua也不用天天跟在它后面收拾掉毛并且这款鱼油有IFOS五星认证人和宠物都可以吃很安全萨摩耶狗狗小狗双眼皮金凯撒鱼油,4
WeChat悲伤小菜女头那公主就和我双向奔赴吧WeChat头像爱官方别限流可爱头像优质女头呆妹小7,1
十字姬lolita穿搭lolita日常Lolita宝宝辅食十字姬,1
充满希望的马里奥高清壁纸卡通壁纸原创壁纸与动漫的日常浪漫生活的记录者每日壁纸壁纸分享记录生活生活,5
一人说一个美白很顶的冷知识很崩溃才20出头整个人黄黑黄黑的姐妹们有什么美白去黄方法啊啊啊啊方便好使的那种,5
编故事也不能这么离谱我虽然没吃过和牛但是2000片这是在涮锅还是烧纸故事,2
你想和谁坐在这样的窗前他她轻倚流年慢煮生活收藏在窗口的美好你想和谁一起拥有艾特你想艾特的人陪你慢慢变好每秒都值得记录今日快乐今日发拒绝焦虑治愈我拍到的治愈画面治愈系风景我心爱的小角落在平凡日子里热爱生活茶系慢生活,3
插画风黄色系圣诞女孩圣诞节的银铃声响起女孩轻舞飞扬跟着狗子一起度过快乐圣诞字体色号000000组件搭配iScreenIPHONE壁纸送你好看的手机壁纸圣诞壁纸每日壁纸插画壁纸卡通壁纸神仙壁纸原创壁纸涂鸦壁纸壁纸手机壁纸全屏巨好看的手机壁纸圣诞节壁纸小红书礼物季仪式感礼物,5
反串剧情新电视人大战监控器反串剧情新电视人大战监控器和原剧情一样精彩监控人游戏解说动画解说,2
经济舱第一排遇到金融的概率也忒高了吃瓜R秀才感觉每次都能碰见扯脸H有啥美元VC在那里宏大叙事说要投AIGC时代的字节跳动石化R讲的原理还是秀才17年本科实习的那一套得意R有早期投资人说要在赛道里面布局的叹气R有PE在飞机上改DCF模型的doge有投行人在那里刷募集的吃瓜R有在补课芯片战争的主要还是差标不允许飞公务常年来来回回飞又都变成白金卡会员可以抢座前排了金融国航飞机滚烫的二十多岁投行PEVC投资人,5
一篇搞定超全结婚婚品清单附电子结婚真的是件麻烦事情亲力亲为超繁琐已婚人经验纯分享清晰电子档让备婚有条不絮1准备新娘相关的婚品婚纱礼服婚鞋红色拖鞋婚包美甲美瞳胸贴提臀裤2准备新郎相关的婚品西服套装皮鞋皮带领结或领带袖口秀禾服3新娘急救包防磨贴美白身体乳充电宝口气清新剂补妆用品补能零食红包牙线卫生棉4新郎急救包定法喷雾衬衫鞋垫止汗喷雾创口贴口气清新剂5陪嫁物品行李箱婚床用品新衣服压箱钱子孙桶洗漱套装暖水壶长明灯碗筷套装6父母相关妈妈礼服妈妈婚包爸爸礼服爸爸皮鞋7伴郎伴娘伴娘服伴郎服胸花手腕花晨袍衬衫领结8布置相关大小喜字拉花气球压床娃娃抱枕底垫窗帘绑带定制衣架甜品台门把手9结婚物品对戒三金五金接亲游戏道具拍照道具敬茶道具接亲风俗品誓言卡手捧花10宾客用品请柬喜糖喜糖盒酒水饮料烟酒茶红包纸巾干果答谢卡礼金本11氛围用品礼炮小礼花泡泡机以上就是简约的婚品准备了长时间备婚可搭配时间表哦,4
高情商的你们会怎么做人情世故高情商社交职场那些事儿领导,1
氨基酸洗面奶生产广州香枝化妆品OEM原创视频禁止搬运熱門視頻,4
广州地铁竟然是这样的7号线南村万博这个点的地铁7分钟才来一班这间隔大家不会觉得很久吗如果早上上班的话感觉在深圳关外也很少见啊像龙华平时顶多也是45分钟一班笑哭R广州地铁深圳地铁地铁南村万博广州7号线,1
小猪佩奇搞笑配音视频小猪佩奇小猪佩奇搞笑配音搞笑搞笑配音搞笑视频爱官方官方大大求热门,2
32岁的我想远嫁越远越好如果过得不如意那样就听不到邻居们的闲言碎语了也不想父母为我操心啦,1
行则将至道阻且长路途漫长充满险阻但走下去终将到达坚持不懈那么美好的未来就值得期待手机壁纸每日壁纸文字壁纸壁纸静心壁纸分享背景图送你好看的手机壁纸,5
见过了大雪我才真正感受到了阿勒泰的冬天看雪日记0612月的第一场雪没曾想到下了足足一天一夜地上的积雪又厚了几十公分下雪天走在路上除了雪花会飞到脸上外就没什么不好的体验了没平常那么冷没有刺眼的反光满天密集的雪束将视野缩至前方百十米内一抬头便能看清眼前整片天地车子和人都缓慢前行只有雪飞快地飘落下落无声无息像吸音棉一样令眼前这片世界安静极了还是会不自觉停下来想听听雪落的声音发现只有我呼吸的声音南方人会珍惜每一次下雪的日子追一场北国的雪阿勒泰禾木,1
时代变了这些东西不用教了文丽给南方讲一些新婚之夜的故事南方表示自己都知道这些根本不用提醒连十几岁的小孩都知道了文丽特别生气表示现在的孩子怎么都这样电视剧热播电视剧华语电视剧分享国产电视剧重温经典电视剧推荐超好看的电视剧宝藏电视剧华语电视剧分享影视剧好看的电视剧情感感情,1
耳机的重要性不亚于心脏起搏器一天都离不开音乐了不听会难受没有你在我有多难熬没有你烦我有多烦恼穿过云层我试着努力向你奔跑爱才送到你却已在别人怀抱ipod拜雅谢兰图二代,4
道家九字真言壁纸今日份壁纸壁紙手机壁纸原创壁纸每日壁纸壁纸分享高清壁纸全屏壁纸,5
随便骂毕业三年我断亲了早被骂的狗血淋头微信截图是4月份爸爸找我借钱我拒绝了然后发的消息一直就没回复上周末突然找我我没接后来打听了一下是要借钱前段时间遇到爹味十足的同事撕逼主要是我听她骂我由于我防范意识不足早前说了一些家庭的情况导致这个同事利用这一点攻击贬低我例如我不沟通不照顾别人情绪自私自利爹味太重甚至让我反省为什么我和我父母关系不好以上的攻击我没有任何的回应因为不擅长也不屑于跟这种人没什么可说的除非沟通是为了得到双赢的局面而展开否则双方站在各自的角度都只想证明自己是对的为了维护家庭关系前些年会刻意沟通一下不过我承认自己并不是很擅长嘘寒问暖原生家庭带给我的是偷笑R有问题请自行解决去年又出了一堆烂事我不想再参与其中无时不刻在提醒我你有多烂你不配即使是现在开始尝试收礼物和优秀的人交往那种不配得感却怎么也摆脱不掉原生家庭的伤害借钱断亲出轨家庭伦理沟通摆脱原生家庭自我养成ing重新富养自己,1
喜茶被约谈后道歉喜茶被约谈涉嫌违反zong教事务管理条例喜茶和景德镇中国陶瓷博物馆联名款茶拿铁及周边包装上线喜茶拿铁受热捧因其外包装的宗教元素这款拿铁也遭到众多批评12月4日深圳市民族宗教事务局工作人员反馈称该局于12月1日约谈了喜茶公司该公司于12月3日做了下架处理同时就相关情况作出检查跨界营销火爆的同时喜茶也曾因营销翻车其与杜蕾斯合作文案引发网友吐槽直指其风流和下流只是一字之差恶心无节操等你最常喝哪个奶茶,1
粉粉的巴黎謝謝大家爱心R您們的祝福我都收到了感恩沿途身邊的好人好事萌萌哒R我的婚纱婚纱照,1
她真的好乖哟看外表真的看不出来她爱骂人笑哭R送我家宠物上墙龙猫日常龙猫,1
和大家聊聊副业首先声明我是分享我的经历我确实赚得不少除了我原公司竞业协议的固定工资我的副业偶尔也许比很多人一年还多但是不稳定接触到这些公司的方法很多可以自己根据目标项目比如太阳能五金食品服饰任何自己觉得稍微熟悉的产品在网上找对应熟悉产品然后去海关总署上找可供出口的公司名称再去找或者在领英上发我是在国外的时候无聊海关网站找而且是完全不懂的行业想要挑战自己发了邮件咨询他们公司业务后来他们问我要不要为他们在中国推广我服务的公司他们的产品此前从来没有在中国卖出过所以只是一句空话如果我干成了给我提成干不成大家都没有损失而中国市场这块蛋糕任何国外公司都想分一块所以我当时花了1天时间在淘宝和京东找同类型产品仔细翻所有能找到的标签公司名称登记在Excel上后来每天给这些公司电话说明自己代表的公司和产品以及对方的需求和意向如果对方感兴趣需要样品则马上让国外安排寄过来任何国外工厂都会愿意毕竟是最低的成本有着可能性的最大收益当然很多人会毫不客气挂你电话这很正常前期你来我往周期会比较长过程中自己需要了解你推广的产品规格特色优势等到也就是你需要最短时间成为这个产品的专家不懂没有关系可以和国外沟通请教也可以和客户请教未来谈成的订单需要跟进生产进度标签船期质量等等问题因为你的服务质量决定了后续能否持续稳定输出所以不要想着任何一次性收入要懂得维护长期饭票而且熟悉之后很多客户会慢慢给你介绍新客户这类基本都是可以成交的客户所以真诚永远是必杀技国外给我的是美金按照客户合同订单比例提成而自己只需要向自己的银行提供你和国外的协议合同我让ChatGPT帮我做的简单合同让国外盖章银行就会帮你入账美金且不需要报税篇幅有限就说到这里了希望大家都可以独立自信逆境中可以突破重围逆风翻盘那些赚钱的副业经济独立努力搞钱我的兼职日常努力赚钱副业只想搞钱外贸分享进口外贸,1
心如死灰突然没有什么很大的期待还是妥协了吧没有说澳大不好的意思只是觉得错过了很多精彩的人生恍惚间一种错愕感交织心头也许平行时空的我会不会在米兰开始一段崭新的人生也许会在瑞士滑雪也许会在香港维多利亚港遛弯其实无论在哪应该都是一个人生阶段性的跳板还是须要持之以恒的努力罢权当我只是亿万个平行时空里去了UM的那一个不算太好也不算太差ThepastandfuturemergetomeetushereMacau我翘首以盼澳门澳门大学我的留学故事,3
宝妈坐月子11种必吃蔬菜11种禁忌蔬菜宝妈月子里能吃和不能吃的蔬菜都有哪些分不清的月嫂记得收藏起来照着这个清单去买菜月嫂月嫂培训坐月子科学坐月子,1
抽奖传下去我要送黄金啦存储冬日浪漫共赴茶暖融冬冬日的第一杯霸王茶姬是茶味悠长的伯牙绝弦还是细腻柔软的桂子飘飘感谢茶友们的又一个月的陪伴啦12月一起清爽低负担控糖更健康好运加满雪花落谁家呢惊喜礼品周大福雪花黄金耳饰1对雪花黄金项链1条抽奖人数1人活动时间2023年12月1日2023年12月31日开奖时间2023年12月31日1500参与方式点击图片左下角限时抽奖即可参加本活动与周大福品牌官方无关霸王茶姬霸王茶姬四川CHAGEE茶式新生活冬天第一杯喝霸王茶姬抽奖,4
Loopy也有自己的飞机耶虽然欧巴坐的是韩亚但是很羡慕对面的济州航空啊因为它是LOOPY呀loopy小海狸loopyloopy周边济州航空,2
八方进财手机高清壁纸原创壁纸手机壁纸今日份壁纸高清壁纸八方来财,5
十多年前的老梗图再次侵袭了我之前说要看更新的小伙伴这就来了一起来读红楼梦文学红楼梦紅樓夢诗词李清照今天很开心拯救不开心罗纳尔多亚里士多德,2
拆拆绝版卡包灵犀3算是很经典的镜面卡包了会放在随心配里哒有喜欢的宝们可以许愿叶罗丽叶罗丽精灵梦拆叶罗丽卡片拆卡,2
大家最接近死神的一次是什么时候还记得吗一次恐怖的经历也是我距离死神最近的一次有一年冬季在内蒙古做地质勘探当时满山坡都是雪跟着坐标走一个不小心踩空了向下滑落了大概有几十米手是四处抓东西终于抓住了一把草当时吓得尿裤子了然后其他人赶紧扔那种勘探的铜线把我从下面拽上来了我当时上来之后往下看了一眼差点吓晕了因为在往下滑3米就是一处垂直峭壁也是那会真的对抓住了救命的稻草这句话理解的很透彻了真实事件,1
家长会上孩子给家长留的小纸条家长会上孩子给家长留的小纸条好喜欢能被孩子当成自己人的家长真的很成功父母家庭教育经验分享母亲亲情孩子,3
只为生活更美好什么是结汇为什么要结汇在企业或者个人赚取的收益不仅仅只有人民币很多时候会涉及到美元日元等多个国家的币种但是国外的币种不可以在我国使用需要到银行里兑换成人民币因此这个时候有部分的人通过炒作外汇来赚取收益如果没有对炒作外汇进行管制的话人名币的汇率会出现极大的影响造成了在市面上人民币贬低的现象严重影响了国家经济一什么是结汇通俗易懂的方式来分析例如一个企业方来说结汇就是企业在别的国家赚取的钱或者在工作中和外企合作赚取的收益而得来的外币或者企业或者个人按照汇率将买进的外汇和卖出的外汇进行结清需要在银行进行结算成人民币使用的形式叫做结汇然而结汇可以分为三种形式第一种是强制结汇所谓的强制结汇就是企业或者个人的所有外汇的收入必须毫无保留的卖给外汇的制定银行不可以建立自己的账号保留外汇收入就叫做强制结汇第二种是意愿结汇意愿结汇没有强制结汇那样强行执行可按照企业或者个人的外汇所有者决定要不要进行结汇并且外汇所有者可以按照的自己的意愿将外汇收入一部分进行卖给外汇的指定银行也可以开外汇账户进行保留下来总而言之意愿结汇就是结汇的选择权在外汇的所有者由外汇收入的所有者决定第三种是限额结汇意思是外汇的收入没有超过国家核定的数额内可以进行保留不结汇,5
plus无法关机了不到一周失望R开源掌机,5
直接发朋友圈表示不参与任何随礼金仪式了前段时间收到一个初中同学的微信结婚让我去我俩初中就是普通同学话说的都不太多初中毕业以后到今年十年了没有任何联系甚至今年春天她才来加上我微信我直接没回私信发了个朋友圈我从小都很不喜欢随礼金这件事现在年龄到了不得不也开始应对这种事了我玩的好的朋友的父亲爷爷去世我都很主动随了500因为关系很好因为我愿意但是这种不熟的仅仅是认识的我真的不会去随的原因也都在图片上说的这样了我只觉得随来随去真的没意义,1
快来看看2克的手镯什么样收50的工费会不会太坑了黄金加工驻马店黄金回收黄金回收黄金手镯,4
离职后被前同事要求上交资源怎么办近日份职场吐槽bot朋友离职半年了还被前领导要资源她该给吗不给违法吗离职还被提需求合理吗没有竞业合同行业并不是科技医学金融类走的时候和大领导还算peace主要是被直属领导逼走的但直属领导是空降的应该也是大领导的人陌生人的善意吐槽bot职场那些事儿职场吐槽,1
食堂投诉太多了自助餐变成了套餐一个月多发30018一餐四个菜不可以多拿笑哭R再也没人能从食堂薅到羊毛了,1
可恶又被这颗胖土豆得逞了大眼睛宝宝这也太可爱了吧最萌侧颜宝宝大眼萌娃人类幼崽迷惑行为人类幼崽日常奶爸带娃人类幼崽用小红书记录宝宝成长人类幼崽可以多可爱大眼睛宝宝法米多婴儿车溜娃神器母婴好物,3
穿透纸飞机穿透力超强折法超简单笔记灵感手工折纸折纸飞机折纸教程我的手工日常,5
男孩被一个外星女孩整的害羞了动漫动漫解说日番日本动漫动漫分享,5
可爱糖果合集萌萌的软软的瓶瓶爆浆糖糖果网红糖果好吃的糖果美食日常口味惊艳的糖果,1
听我的去澳门只需要两根手指澳门大三巴基本信息位置澳门半岛历史建于17世纪末是曾经的圣保禄教堂的遗址营业时间全天开放标志性照片地点澳门大三巴是媒体上最常见的澳门标志之一肯定不能错过拍照的机会我们可以选择在澳门大三巴前面的广场上拍摄或者爬上马路对面的山坡从远处俯瞰这座宏伟的建筑吃喝玩乐澳门旅游澳门澳門大三巴澳门试吃珠海珠海吃喝玩乐深圳吃喝玩乐澳门攻略澳门吃喝玩乐笔记灵感小红书成长笔记澳门打卡,1
妈呀被羽绒服的暴利吓到了你们知道为什么羽绒服明明只能卖一两个月但还有这么多牌子专做羽绒服吗大家潜意识觉得衣服越厚价格越贵所以愿意为羽绒服支付更高的溢价但你几百上千买回来的很可能是假羽绒今天这期将会颠覆你对羽绒服的认知4个羽绒服内幕让你不再踩坑1真假填充物2绒子含量3充绒量4蓬松度羽绒服推荐羽绒服测评服装内幕避坑科普羽绒服长款羽绒服短款羽绒服干货避雷这个我冬天不怕冷冬季穿搭,4
叮当为啥这么喜欢弹舌的声音呀rrr人类幼崽成长计划家有萌娃大眼萌娃人类幼崽人类幼崽可以多可爱用小红书记录宝宝成长人类幼崽迷惑行为人类幼崽日常宝宝日常,1
日常对窗发呆ing谁懂啊他真的好可爱呀雪地松鼠我的萌宠发呆日常,2
滨江区教招是萝卜坑吗好久之前投的滨江某初中的简历今天打电话说要我关注政府网站上的招聘信息想问下大家滨江是萝卜坑定好了吗还有必要去参加吗提前批杭州提前批,1
平淡生活一苦一甜是生活一朝一夕是日子静中无妄念忙里有欢喜简单平凡是生活,3
是宫廷里走出来的公主啊试纱TheBestBridal圣白婚纱图源THEBEST圣白国际婚纱禁止转载商用婚纱主纱仙女裙备婚婚纱礼服晚礼服圣白试纱杭州婚纱杭州婚纱尝试一个新look我的婚纱好看吗,4
突然觉得爸爸好可怜半夜睡不着突然想到十年前家里很穷一家四口挤在20平的小房子里爸爸每天都上的是夜班中午回来本来应该睡觉的有一天爸爸捡回来一个风筝他特别兴奋说今天下午带我们去放风筝我和弟弟也没放过风筝也特别高兴到了公园爸爸迫不及待的摆弄着风筝因为是捡来的风筝所以风筝是断了线的下端连接的是房东爷爷不要的鱼线爸爸自己在摆弄我和弟弟在旁边等着看着我们眼巴巴的爸爸说等我先放飞起来再给你们玩安装完成后他就一个人跑来跑去让风筝飞高一点不知道是向上看的缘故还是心里很兴奋他的两颗不整齐的门牙一直漏在外面过了一会风筝飞的可高了我和弟弟吵着要玩爸爸不知道怎么回事一直不给我们我和弟弟都有点纳闷和生气觉得为什么爸爸一个人玩那么久了一个大人为什么抢小孩的玩具直到过了很久妈妈说让二九刚刚我们的小名也玩玩爸爸才突然清醒一般快速的把风筝给我们了这些年我一直没放在心上直到刚刚细想爸爸十岁就没有爸爸15岁出来打工一个人撑着我们一家四口在北京生活风筝好贵要三四十捡来的风筝不要钱那个因为断了线被丢在路边的风筝飞到最高的时候他是不是能顺着风筝的方向看到自己的爸爸爸爸,3
快过年了喜欢吃香肠的快试试这款手动灌肠器自己在家做的更好吃自制香肠灌肠器灌腊肠灌香肠神器,4
有哪些令人窒息的骚操作约我闺蜜去狗咖摸狗我闺蜜说花那冤枉钱干嘛于是领我去狗市从头到尾挨家进去摸,1
大冷天又跑去抓河蟹了今天开始降温了天气太冷了失望R玩了一个半小时抓了公斤就跑回来了汗颜R明天开始更冷了休战好好休息休息笑哭R螃蟹野生河蟹野生日本河蟹日本野生河蟹,5
6退坑包要的私信胶带都有些小众没有大社团作者感觉已经很值了并且免邮费目前没人买退坑包随心配退坑,2
美丽风景梵高系列高清壁纸分享梵高风格治愈系壁纸iphone壁纸艺术壁纸高清壁纸壁纸分享每日壁纸梵高致敬梵高城市景色治愈系壁纸原创壁纸油画写实城市夜景,5
心想事成的头像让你的运势直线上升美少女战士美少女迪士尼公主魔卡少女樱百变小樱微信头像优质头像头像分享好看的女生头像美少女战士头像人物可爱头像手绘头像情侣头像,5
一个人在家吃火锅的过程太治愈了对于打工人来说想只有周末的时间才是属于自己的我的北漂生活美食日常一日三餐在家吃火锅火锅美食Vlog,1
清华学霸懒人学习法期末轻松逆袭学渣逆袭指南校园生活初中学习高中学习笔记高中生活高中学霸趣味知识科普,1
买三四十块沐浴露的女生都是什么心理不是我说几十块才是沐浴露的正常价格吧老铁现在沐浴露一个比一个贵漫天要价动不动就大几百有没有考虑过普通人的感受啊抹上身停留不到两分钟的东西有必要卖这么贵吗所以到底有没有评价还不假滑又香的沐浴露啊沐浴露沐浴露推荐香水体香平价沐浴露,1
什么土豆也能翻跟头是兔子啦兔子兔兔兔子日常土豆的吃法土豆萌宠兔子宠物可爱搞笑我的萌宠萌宠,1
你曾经都用过哪些有效的偏方互相学习学习永不删帖有想问的也可以说一下偏方民间小偏方求分享经验我的收藏,1
高跟鞋还是简约细带好看高跟鞋高跟凉鞋一字带凉鞋细跟高跟鞋鞋控日常绝美高跟鞋,1
100块在海底捞吃撑隐藏吃法尊嘟太省了吃过那么多顿海底捞还不知道海底捞的隐藏吃法那你就亏大了学会这几个隐藏吃法100块吃垮海底捞不是梦省钱放大招了清水锅底选择一个番茄锅剩下的都选清水锅其余锅底加上秘制调料就能变成自制锅底肥牛响铃卷把响铃打开盖上肥牛再抹点虾滑扔进锅里就可以了泰式柠檬虾滑锅里放虾滑和魔芋丝配上调料把煮好的虾滑舀进去减脂期吃都没问题番茄滑蛋牛肉饭一碗牛肉粒加两个鸡蛋搅拌好倒进番茄锅里再把煮好的滑蛋牛肉倒在米饭里拍黄瓜找服务员要一个装手机的袋子把黄瓜放进去敲碎然后加上调料get一份免费凉菜去了无数次海底捞就为了这些隐藏吃法简直不要太爽带上大学生朋友还能有优惠四舍五入等于不要钱生活小妙招海底捞攻略海底捞隐藏吃法海底捞自制锅底海底捞新吃法笔记灵感海底捞省钱攻略100件恢复能量的小事视频薯日常薯生活薯吃货薯,1
这柜子别看他小是真的能装这柜子别看他小是真的能装收纳整理居家好物实用省空间窄柜木马人,4
手机半夜死机了强制关机发了短信给了前任手机第二次黑屏了摸索着强制关机试了试发了短信给我的紧急联络人大半夜的好尴尬12是不是很多这个毛病怎么办ios苹果手机手机黑屏,1
这小屁股谁不爱啊换上了新睡袋软绵绵圆滚滚一小只睡的好踏实呀老母亲再也不用夜醒盖被子了派对R忍不住揉一揉捏一捏要不是穿多了还想啃一啃偷笑R肉肉女孩煤气罐罐睡着的宝宝都是天使胖宝宝骗你生女儿,4
国博我说一声对不起笑每次我朋友都很喜欢和我一块儿逛博物馆顺便做点臆想出来的文创,5
一听就是学霸的宝宝好名字取名改名字宝宝取名宝宝起名起名改名名字起名字取名字宝宝取名字男孩起名女孩起名新生儿孕晚期起名,1
时光总是匆匆再回首已不是来时的路生命的驿站辗转了一程又一程让我们看淡往事珍惜拥有的期待美好的,5
小说哪些瞬间会让你觉得作者文化水平不高哈哈哈哈哈哈哈哈哈哈哈哈哈哈哈哈哈哈哈哈哈哈哈哈哈哈哈哈哈哈哈哈哈哈哈哈哈哈哈哈哈哈都是纽约第一人民医院的兄弟姐妹哈哈哈哈哈哈哈哈哈哈哈小说热门小说小说推荐网文作者评论区娱乐评论大赏网友评论搞笑神评论,2
很难想象这是上个世纪的动画精神状态领先我二十年里面的思想观念放到现在也不过时配音的语速不快和发音标准很适合练听力自拍R大大方方做自己美剧拽妹黛薇儿,1
在家实现烤肠自由一不小心还爆汁肉感满满天冷了在家也能实现烤肠自由啦一不小心还会爆汁满满的肉感脆皮烤肠火山石烤肠黑胡椒烤肠,1
爱心云送给你最好的朋友一起看爱心云送给女朋友的礼物动态壁纸治愈系天空,5
北京电车车主今天乐坏了吧北京今天下大雪道面全是冰公交车平均等30分钟等来了还要无穷无尽地堵着打车根本打不着能骑车的多少都得是勇士今天油车尾号27的哭了晚上雪要是不化明天尾号38的也得哭只有电车车主得乐坏了吧特斯拉电车北京下雪汽车,2
半夜三点被敲醒半夜三点被kuangkuang的敲门声惊醒真的很害怕害怕到不敢出声也不敢去看猫眼整个人都僵硬在床上听到外面是女孩子的声音确实放松了有想开门的念头哪怕听到两个脚步声也没有多想只觉得是敲错门了第二天朋友提醒后才想起来更多的细节也联系了房东房东说查监控独居的女孩们晚上千万别开门不论是什么借口都不能开门不管外面是女人小孩老人只有确定自己绝对安全的情况才能去帮助别人独居生活独居女孩情侣同居女性安全独居半夜陌生人敲门陌生人敲门独居独居安全,1
今天自己遛自己滴滴滴老司机准时上线啦萌萌哒R人类幼崽可以多可爱萌娃日常骗你生女儿花生车周岁宝宝胖宝宝嘟嘟脸贝易扭扭车贝易葫芦车,1
原来我们所说的英语在老外眼里是这样的就好比你请外国人吃一顿饭他真是场饕餮盛宴没吃之前让我垂涎欲滴我英语外语学外语和外国人聊天留学那些事尴尬,1
小智爆料很多斗鱼女主播被录视频所以离不开斗鱼墙倒众人推树倒猢狲散原来电影都是真的果然艺术来源于生活看来斗鱼确实很乱不知道开设赌场Doinb暂停直播斗鱼英雄联盟,2
每天都能看到青年公园站在窗前我都能看到青年公园可惜看不到万象城一镜到底看我家装修,5
